Sloan Digital Sky Survey filter set for DIAFI,,,,,
,,,,,
Lambda,u',g',r',I',z'
,,,,,
1100.0,0.004330,0.020985,0.009044,0.006100,95.291595
1099.5,0.004199,0.021295,0.008975,0.006094,95.385071
1099.0,0.004075,0.021289,0.009110,0.005961,95.411629
1098.5,0.004508,0.020538,0.008637,0.005983,95.451729
1098.0,0.005039,0.021100,0.008504,0.005965,95.570969
1097.5,0.004049,0.019693,0.009371,0.005282,95.544769
1097.0,0.004736,0.020139,0.008925,0.005670,95.622482
1096.5,0.004103,0.019878,0.008848,0.005230,95.665779
1096.0,0.004303,0.019783,0.008732,0.005485,95.686829
1095.5,0.004879,0.019661,0.008604,0.005339,95.754036
1095.0,0.004355,0.019485,0.008579,0.005010,95.766953
1094.5,0.004111,0.018450,0.008518,0.004842,95.786331
1094.0,0.004171,0.019345,0.008515,0.005723,95.852020
1093.5,0.004412,0.019124,0.007847,0.005139,95.848557
1093.0,0.004749,0.019069,0.007948,0.004889,95.897217
1092.5,0.004441,0.018424,0.008203,0.004805,95.937698
1092.0,0.004658,0.018218,0.008323,0.004804,95.921417
1091.5,0.004667,0.017748,0.008026,0.005302,95.981468
1091.0,0.004574,0.017631,0.007330,0.005117,95.993355
1090.5,0.004931,0.017687,0.007973,0.005088,95.983528
1090.0,0.004534,0.017851,0.007682,0.004923,96.048058
1089.5,0.004538,0.017311,0.007531,0.004498,96.037376
1089.0,0.004677,0.017715,0.007336,0.005015,96.027222
1088.5,0.004496,0.017476,0.007653,0.004770,96.063698
1088.0,0.004680,0.017284,0.007409,0.004828,96.034866
1087.5,0.004842,0.017541,0.007532,0.004331,96.051224
1087.0,0.004749,0.016267,0.007320,0.004565,96.063431
1086.5,0.004658,0.016391,0.007178,0.004056,96.030128
1086.0,0.004664,0.016222,0.007163,0.004974,96.040710
1085.5,0.005237,0.015940,0.007068,0.004343,96.032295
1085.0,0.005043,0.016437,0.007176,0.004451,95.988258
1084.5,0.005098,0.015516,0.007520,0.004591,96.018471
1084.0,0.004429,0.015883,0.006829,0.004363,95.984329
1083.5,0.004614,0.015274,0.006596,0.003768,95.955994
1083.0,0.004917,0.016044,0.006874,0.003911,95.959343
1082.5,0.005247,0.015701,0.006303,0.004133,95.908485
1082.0,0.004698,0.015066,0.006903,0.003919,95.874847
1081.5,0.004882,0.015276,0.007399,0.004281,95.872452
1081.0,0.004520,0.014746,0.006379,0.003570,95.823608
1080.5,0.004275,0.014840,0.006848,0.004028,95.774376
1080.0,0.004943,0.014740,0.006396,0.004118,95.763306
1079.5,0.004394,0.014688,0.006863,0.004156,95.706650
1079.0,0.004982,0.014481,0.006313,0.003903,95.656715
1078.5,0.005005,0.014894,0.006157,0.003984,95.628510
1078.0,0.004773,0.014320,0.005953,0.003568,95.572418
1077.5,0.005237,0.014200,0.006377,0.004016,95.521027
1077.0,0.004800,0.014114,0.006381,0.004223,95.480942
1076.5,0.005308,0.013778,0.006392,0.004348,95.421616
1076.0,0.005139,0.013990,0.006261,0.003740,95.367981
1075.5,0.005045,0.013449,0.005964,0.004114,95.321472
1075.0,0.005057,0.013611,0.005729,0.003659,95.248291
1074.5,0.004857,0.013424,0.005788,0.003689,95.207497
1074.0,0.005507,0.013148,0.006148,0.003886,95.164726
1073.5,0.004764,0.013147,0.006075,0.003530,95.085617
1073.0,0.004474,0.013034,0.006127,0.003476,95.007477
1072.5,0.005043,0.012404,0.005890,0.004121,94.956696
1072.0,0.004865,0.013031,0.005683,0.004058,94.874275
1071.5,0.005114,0.012794,0.006443,0.003818,94.833405
1071.0,0.005494,0.012635,0.005879,0.003478,94.764885
1070.5,0.004825,0.012095,0.006343,0.003695,94.690331
1070.0,0.005245,0.012423,0.006101,0.004048,94.609589
1069.5,0.004684,0.012042,0.005885,0.003159,94.545136
1069.0,0.005164,0.012504,0.006341,0.003254,94.472412
1068.5,0.005415,0.012215,0.005702,0.002842,94.408463
1068.0,0.005200,0.012237,0.005300,0.003297,94.342567
1067.5,0.005157,0.011844,0.005225,0.003617,94.257813
1067.0,0.005086,0.011625,0.005693,0.003842,94.190910
1066.5,0.005758,0.011877,0.005481,0.003685,94.117645
1066.0,0.004627,0.011917,0.005769,0.003924,94.050697
1065.5,0.005177,0.011614,0.005560,0.003744,93.974884
1065.0,0.004848,0.011723,0.005345,0.003337,93.904839
1064.5,0.004854,0.011336,0.005555,0.003266,93.830490
1064.0,0.004931,0.011064,0.005799,0.003437,93.776253
1063.5,0.005021,0.010488,0.004969,0.003966,93.689934
1063.0,0.004708,0.011414,0.005710,0.003263,93.621437
1062.5,0.004932,0.010799,0.005538,0.002904,93.567825
1062.0,0.004859,0.010573,0.005423,0.003982,93.486351
1061.5,0.005348,0.010476,0.005178,0.003620,93.432083
1061.0,0.004911,0.010228,0.005559,0.003065,93.367455
1060.5,0.005098,0.010382,0.005603,0.003637,93.283257
1060.0,0.005272,0.010641,0.004990,0.003463,93.224907
1059.5,0.004877,0.010188,0.005817,0.003808,93.186607
1059.0,0.004366,0.010559,0.005517,0.002953,93.103943
1058.5,0.004659,0.009879,0.005257,0.003148,93.044273
1058.0,0.004698,0.010018,0.005066,0.003383,93.028236
1057.5,0.004372,0.009627,0.005317,0.003233,92.934006
1057.0,0.004910,0.010306,0.005251,0.003463,92.869507
1056.5,0.004600,0.009548,0.005277,0.003094,92.850464
1056.0,0.004839,0.010119,0.004867,0.003199,92.789864
1055.5,0.004888,0.009659,0.005532,0.003264,92.721870
1055.0,0.004657,0.009299,0.005085,0.003878,92.716324
1054.5,0.004491,0.009580,0.005149,0.002988,92.664551
1054.0,0.004909,0.009270,0.005304,0.003861,92.578682
1053.5,0.004974,0.008899,0.005230,0.003135,92.576370
1053.0,0.004920,0.009152,0.005080,0.003523,92.563683
1052.5,0.004902,0.008935,0.004997,0.003099,92.480431
1052.0,0.004472,0.008816,0.005418,0.003362,92.461853
1051.5,0.004660,0.009405,0.004906,0.003392,92.470284
1051.0,0.005093,0.008446,0.004750,0.003773,92.383125
1050.5,0.004737,0.008785,0.005044,0.003305,92.360344
1050.0,0.004438,0.008540,0.005483,0.003404,92.415192
1049.5,0.004569,0.008999,0.005220,0.002753,92.345680
1049.0,0.004868,0.008095,0.005627,0.003240,92.296555
1048.5,0.004639,0.008535,0.005306,0.003549,92.358978
1048.0,0.004172,0.008704,0.004901,0.003627,92.329758
1047.5,0.004766,0.008029,0.004973,0.003390,92.255905
1047.0,0.004876,0.008513,0.004832,0.003331,92.309212
1046.5,0.004846,0.008468,0.005198,0.002999,92.338326
1046.0,0.004007,0.008579,0.004737,0.003206,92.266212
1045.5,0.004782,0.007735,0.005140,0.003319,92.297218
1045.0,0.005624,0.007709,0.005008,0.003438,92.325470
1044.5,0.004693,0.008230,0.004682,0.003256,92.314674
1044.0,0.004619,0.007537,0.005071,0.003308,92.305702
1043.5,0.004836,0.007539,0.004971,0.003767,92.351601
1043.0,0.004644,0.007734,0.004474,0.003319,92.382935
1042.5,0.004693,0.007891,0.004593,0.003575,92.356308
1042.0,0.005193,0.007202,0.004558,0.003152,92.407867
1041.5,0.004574,0.007672,0.004848,0.002700,92.472977
1041.0,0.004648,0.007671,0.004719,0.002841,92.442917
1040.5,0.004796,0.007348,0.004673,0.003503,92.479004
1040.0,0.004781,0.006724,0.004938,0.003166,92.562599
1039.5,0.004440,0.007122,0.004808,0.003300,92.557945
1039.0,0.004500,0.007641,0.004740,0.002873,92.563896
1038.5,0.004072,0.006510,0.004660,0.002606,92.658333
1038.0,0.004840,0.007356,0.004555,0.003777,92.706802
1037.5,0.004691,0.007068,0.005063,0.003212,92.704147
1037.0,0.004798,0.006573,0.004396,0.003169,92.770561
1036.5,0.004808,0.006928,0.004423,0.003479,92.851601
1036.0,0.004273,0.006389,0.004856,0.003073,92.858521
1035.5,0.004850,0.006035,0.004761,0.003037,92.897392
1035.0,0.004688,0.006977,0.004602,0.003240,92.985603
1034.5,0.004967,0.006472,0.004796,0.002920,93.051628
1034.0,0.004566,0.006385,0.004608,0.003341,93.089722
1033.5,0.004408,0.005999,0.004746,0.003383,93.138428
1033.0,0.004368,0.006694,0.004955,0.003327,93.235580
1032.5,0.004703,0.006607,0.004336,0.003720,93.264412
1032.0,0.005195,0.006477,0.004668,0.003213,93.314575
1031.5,0.004622,0.006142,0.004495,0.003226,93.394623
1031.0,0.004528,0.006353,0.004130,0.002909,93.468971
1030.5,0.005023,0.006478,0.004618,0.003553,93.524376
1030.0,0.004319,0.005392,0.004186,0.003483,93.573891
1029.5,0.004227,0.006236,0.004733,0.003247,93.676895
1029.0,0.005229,0.006149,0.004173,0.003238,93.728897
1028.5,0.004681,0.005751,0.004776,0.002756,93.778427
1028.0,0.004512,0.005672,0.004936,0.003432,93.869995
1027.5,0.004443,0.005546,0.004652,0.003095,93.943970
1027.0,0.004899,0.005145,0.004847,0.003351,93.995346
1026.5,0.004632,0.005915,0.004255,0.003245,94.065544
1026.0,0.004387,0.005965,0.004719,0.003594,94.138046
1025.5,0.004700,0.006333,0.004908,0.003107,94.215996
1025.0,0.004587,0.005273,0.004607,0.003075,94.286766
1024.5,0.004880,0.006211,0.005166,0.003608,94.350906
1024.0,0.004409,0.005467,0.004761,0.003370,94.433281
1023.5,0.004738,0.005466,0.004870,0.003293,94.489754
1023.0,0.004754,0.004858,0.004981,0.003323,94.552162
1022.5,0.004427,0.005470,0.004631,0.002805,94.632133
1022.0,0.005089,0.005141,0.004501,0.003642,94.696022
1021.5,0.004997,0.005445,0.004636,0.003232,94.759506
1021.0,0.005070,0.005376,0.004366,0.003427,94.827965
1020.5,0.004755,0.005269,0.005055,0.003368,94.894341
1020.0,0.004710,0.005113,0.004464,0.003334,94.946030
1019.5,0.004954,0.006006,0.004817,0.003230,95.017754
1019.0,0.005565,0.004973,0.004593,0.003079,95.076218
1018.5,0.004977,0.005073,0.004139,0.003420,95.133957
1018.0,0.004959,0.004471,0.004399,0.003355,95.184013
1017.5,0.005240,0.005033,0.004631,0.002897,95.248253
1017.0,0.004861,0.005489,0.004700,0.002992,95.293221
1016.5,0.005235,0.005117,0.004783,0.002866,95.331917
1016.0,0.005521,0.004843,0.004922,0.002899,95.380760
1015.5,0.005482,0.004726,0.004868,0.003244,95.442169
1015.0,0.005437,0.004742,0.004612,0.003334,95.486900
1014.5,0.004833,0.005282,0.004727,0.003146,95.499886
1014.0,0.005107,0.005141,0.004788,0.002986,95.559227
1013.5,0.005338,0.004956,0.004567,0.002904,95.612587
1013.0,0.005313,0.004744,0.004126,0.003257,95.649735
1012.5,0.005239,0.004864,0.004734,0.003114,95.644119
1012.0,0.005483,0.004678,0.004137,0.003607,95.694992
1011.5,0.005295,0.004362,0.004386,0.003578,95.744492
1011.0,0.005445,0.004995,0.005044,0.003369,95.739433
1010.5,0.005216,0.004968,0.004585,0.003122,95.779808
1010.0,0.005327,0.005388,0.004568,0.003352,95.785103
1009.5,0.004892,0.004258,0.004644,0.003123,95.843765
1009.0,0.005271,0.004641,0.004373,0.002842,95.849922
1008.5,0.004921,0.004923,0.004366,0.003161,95.816734
1008.0,0.005476,0.004523,0.004296,0.003025,95.853012
1007.5,0.005010,0.004704,0.004586,0.002830,95.895241
1007.0,0.005735,0.004563,0.004188,0.003058,95.873367
1006.5,0.005593,0.004763,0.004433,0.002687,95.858841
1006.0,0.005514,0.004646,0.004696,0.003621,95.859474
1005.5,0.005643,0.004709,0.004308,0.003361,95.897278
1005.0,0.005446,0.004718,0.004803,0.002867,95.883087
1004.5,0.005566,0.004530,0.004372,0.003455,95.843071
1004.0,0.005096,0.005140,0.004658,0.003218,95.833855
1003.5,0.005608,0.004565,0.004307,0.003208,95.859558
1003.0,0.005717,0.004566,0.004230,0.003468,95.855423
1002.5,0.006098,0.004136,0.004580,0.003223,95.798904
1002.0,0.005638,0.004637,0.004016,0.002829,95.770630
1001.5,0.005329,0.004186,0.004384,0.003443,95.794334
1001.0,0.005662,0.004353,0.003950,0.003043,95.787796
1000.5,0.005444,0.004687,0.004534,0.003729,95.733528
1000.0,0.005958,0.004561,0.004830,0.003378,95.687088
999.5,0.005859,0.004607,0.004339,0.003606,95.695534
999.0,0.005786,0.004008,0.004428,0.003755,95.674904
998.5,0.005663,0.004565,0.004392,0.003047,95.655785
998.0,0.005540,0.005006,0.004239,0.003185,95.569077
997.5,0.005697,0.004340,0.004136,0.003431,95.584343
997.0,0.005597,0.004333,0.004383,0.003479,95.560516
996.5,0.005585,0.004576,0.004497,0.003514,95.529648
996.0,0.005375,0.004670,0.004308,0.003514,95.462601
995.5,0.005537,0.004173,0.004435,0.002939,95.425346
995.0,0.006252,0.003817,0.004376,0.003465,95.421585
994.5,0.006017,0.003812,0.004411,0.003866,95.396095
994.0,0.005769,0.004539,0.004801,0.003379,95.331688
993.5,0.005499,0.004264,0.004488,0.003372,95.295677
993.0,0.006048,0.004311,0.004946,0.003710,95.259224
992.5,0.005694,0.004629,0.004953,0.003747,95.247421
992.0,0.005414,0.004176,0.004547,0.003390,95.209343
991.5,0.005354,0.004982,0.004614,0.003533,95.141068
991.0,0.005719,0.004290,0.004488,0.003433,95.111572
990.5,0.005270,0.004503,0.005050,0.003003,95.094734
990.0,0.005425,0.004254,0.004682,0.003642,95.068413
989.5,0.005915,0.004166,0.004741,0.003442,95.009415
989.0,0.005565,0.004073,0.004571,0.002904,94.964828
988.5,0.005727,0.004595,0.004219,0.003241,94.934387
988.0,0.006294,0.003934,0.004873,0.003937,94.939568
987.5,0.005870,0.004331,0.004534,0.003027,94.895294
987.0,0.005429,0.003953,0.004585,0.003219,94.843201
986.5,0.005720,0.004076,0.005197,0.003013,94.800476
986.0,0.005552,0.004486,0.004484,0.002661,94.787430
985.5,0.005205,0.004648,0.004776,0.003508,94.783455
985.0,0.005588,0.004357,0.004644,0.003679,94.747192
984.5,0.005755,0.003830,0.005005,0.003042,94.695099
984.0,0.005462,0.004375,0.004678,0.003188,94.668251
983.5,0.004992,0.004303,0.005183,0.002764,94.653130
983.0,0.005422,0.004235,0.004850,0.003188,94.651100
982.5,0.005324,0.003699,0.004942,0.002970,94.614975
982.0,0.005209,0.003624,0.004938,0.003558,94.588043
981.5,0.005151,0.004207,0.004920,0.002640,94.566414
981.0,0.004405,0.004143,0.005205,0.002541,94.562370
980.5,0.005219,0.004409,0.005027,0.003485,94.553864
980.0,0.005773,0.004422,0.004837,0.002847,94.533295
979.5,0.005086,0.004314,0.004992,0.003890,94.510666
979.0,0.004858,0.004086,0.004855,0.003443,94.510910
978.5,0.004984,0.004105,0.005201,0.003579,94.502457
978.0,0.005273,0.003865,0.004916,0.003447,94.491402
977.5,0.005193,0.003882,0.005515,0.003358,94.491478
977.0,0.005675,0.003777,0.005116,0.003194,94.498619
976.5,0.004788,0.004065,0.005153,0.003372,94.494102
976.0,0.005065,0.003882,0.005264,0.003181,94.492950
975.5,0.005249,0.004112,0.005007,0.003843,94.490952
975.0,0.005074,0.004395,0.005408,0.002916,94.499138
974.5,0.005375,0.003550,0.005327,0.003095,94.515038
974.0,0.005058,0.003976,0.004949,0.003057,94.526802
973.5,0.004921,0.004021,0.004974,0.003084,94.520050
973.0,0.004924,0.003943,0.005409,0.003390,94.516632
972.5,0.004845,0.003920,0.005522,0.003284,94.543686
972.0,0.005196,0.004328,0.005542,0.003167,94.569252
971.5,0.005200,0.003970,0.005113,0.003121,94.600037
971.0,0.004597,0.003938,0.005404,0.003426,94.592163
970.5,0.005143,0.003940,0.005628,0.003304,94.593544
970.0,0.005205,0.003515,0.005120,0.003391,94.614883
969.5,0.004600,0.003872,0.005328,0.003341,94.661240
969.0,0.004464,0.004014,0.005408,0.003461,94.693985
968.5,0.005080,0.003565,0.005693,0.003248,94.709824
968.0,0.004594,0.003882,0.005006,0.003075,94.718575
967.5,0.004621,0.003884,0.005536,0.003212,94.724442
967.0,0.005261,0.003910,0.005598,0.002979,94.773117
966.5,0.004390,0.003921,0.005828,0.002623,94.829529
966.0,0.005085,0.003910,0.005739,0.003583,94.867554
965.5,0.004668,0.003715,0.005668,0.003355,94.850487
965.0,0.004825,0.003592,0.005221,0.003783,94.855881
964.5,0.004691,0.003602,0.005714,0.003329,94.884689
964.0,0.004846,0.004349,0.005612,0.003053,94.953468
963.5,0.004772,0.003817,0.006017,0.002728,95.012863
963.0,0.005228,0.003628,0.006323,0.003441,95.034561
962.5,0.004535,0.003484,0.005693,0.003094,95.019218
962.0,0.005199,0.003834,0.006157,0.003400,95.026787
961.5,0.005383,0.003508,0.006363,0.003110,95.077881
961.0,0.005166,0.003939,0.005823,0.002873,95.145538
960.5,0.004530,0.003465,0.005979,0.003363,95.199280
960.0,0.004656,0.003695,0.005390,0.002940,95.205978
959.5,0.004818,0.003450,0.005576,0.003027,95.197273
959.0,0.004749,0.003728,0.005427,0.003084,95.219292
958.5,0.004981,0.003630,0.005293,0.003516,95.256668
958.0,0.004980,0.003822,0.006346,0.003255,95.319283
957.5,0.004490,0.002972,0.005115,0.003355,95.367340
957.0,0.004958,0.003731,0.005118,0.003134,95.385582
956.5,0.004414,0.003679,0.005755,0.002933,95.366402
956.0,0.005386,0.003789,0.005292,0.002976,95.377144
955.5,0.004987,0.003547,0.005522,0.003019,95.424667
955.0,0.005034,0.003437,0.005528,0.003170,95.471359
954.5,0.004589,0.003489,0.005636,0.003391,95.520454
954.0,0.004869,0.003674,0.005169,0.002572,95.532959
953.5,0.004891,0.003162,0.005327,0.002803,95.534943
953.0,0.005361,0.002742,0.004772,0.003312,95.532173
952.5,0.004975,0.003540,0.005224,0.003023,95.558670
952.0,0.004741,0.003637,0.004710,0.003530,95.606903
951.5,0.004972,0.003090,0.004743,0.003401,95.637383
951.0,0.005196,0.003683,0.004957,0.003264,95.656654
950.5,0.004809,0.003611,0.004651,0.003254,95.653374
950.0,0.005243,0.003295,0.005158,0.003434,95.644394
949.5,0.004754,0.003101,0.005203,0.003073,95.651314
949.0,0.005426,0.003510,0.004669,0.003437,95.677650
948.5,0.005027,0.003385,0.004520,0.003464,95.713188
948.0,0.005615,0.003109,0.004559,0.003377,95.741119
947.5,0.005566,0.003312,0.004738,0.003808,95.744087
947.0,0.005139,0.003186,0.004228,0.002734,95.739273
946.5,0.005234,0.003077,0.004698,0.003698,95.728302
946.0,0.005131,0.003828,0.004541,0.003345,95.737442
945.5,0.004634,0.002747,0.004523,0.003332,95.745537
945.0,0.005001,0.003256,0.004594,0.003150,95.768745
944.5,0.005409,0.003472,0.004961,0.002807,95.798126
944.0,0.006015,0.003424,0.004495,0.003190,95.794716
943.5,0.005548,0.002809,0.004491,0.003296,95.783356
943.0,0.005508,0.003293,0.004867,0.003489,95.766357
942.5,0.005625,0.003574,0.004028,0.003539,95.777336
942.0,0.005572,0.003950,0.004157,0.003147,95.793190
941.5,0.006075,0.002977,0.004396,0.003234,95.801620
941.0,0.005878,0.003170,0.004028,0.003140,95.808083
940.5,0.005970,0.003647,0.004914,0.003246,95.812164
940.0,0.005661,0.003005,0.004030,0.003822,95.792282
939.5,0.005896,0.003527,0.004290,0.003995,95.796677
939.0,0.006355,0.003046,0.004127,0.003317,95.795395
938.5,0.005564,0.003577,0.004140,0.003815,95.797501
938.0,0.005581,0.003124,0.003710,0.003811,95.804825
937.5,0.005997,0.003466,0.003964,0.003470,95.814171
937.0,0.006477,0.002903,0.004334,0.003038,95.812698
936.5,0.005741,0.003117,0.004037,0.003334,95.806381
936.0,0.006615,0.003674,0.004708,0.003455,95.799026
935.5,0.006289,0.003522,0.004388,0.002974,95.806160
935.0,0.006553,0.002853,0.004678,0.003272,95.786980
934.5,0.005818,0.003850,0.003707,0.002873,95.790672
934.0,0.006587,0.003019,0.004206,0.003449,95.798996
933.5,0.006240,0.003229,0.003918,0.003123,95.798042
933.0,0.006493,0.002657,0.004741,0.003184,95.792786
932.5,0.006397,0.003305,0.004003,0.003037,95.789856
932.0,0.006865,0.003081,0.004382,0.003355,95.781609
931.5,0.006497,0.003653,0.004054,0.003381,95.785774
931.0,0.006656,0.003143,0.003120,0.003575,95.785454
930.5,0.007187,0.003105,0.004068,0.003529,95.775970
930.0,0.006969,0.003361,0.004611,0.003306,95.780098
929.5,0.006645,0.003378,0.004306,0.003572,95.768227
929.0,0.007325,0.003152,0.003647,0.003033,95.761696
928.5,0.006808,0.003076,0.004426,0.003185,95.755508
928.0,0.007037,0.003129,0.003857,0.002952,95.761765
927.5,0.007004,0.003686,0.003780,0.003348,95.765999
927.0,0.006862,0.002925,0.003580,0.003195,95.765450
926.5,0.007380,0.003548,0.004404,0.003635,95.777779
926.0,0.006197,0.003196,0.003641,0.003404,95.767380
925.5,0.007158,0.003179,0.003510,0.003138,95.763557
925.0,0.007307,0.003250,0.004002,0.003741,95.760338
924.5,0.007047,0.003612,0.003597,0.002950,95.755699
924.0,0.006983,0.003576,0.004328,0.003064,95.754692
923.5,0.007118,0.003036,0.003849,0.003458,95.755318
923.0,0.007278,0.003197,0.003565,0.002873,95.758804
922.5,0.007086,0.003531,0.004663,0.003732,95.757584
922.0,0.007575,0.003265,0.003702,0.003408,95.769157
921.5,0.007103,0.003180,0.004042,0.004103,95.785286
921.0,0.006960,0.003283,0.004505,0.004211,95.770775
920.5,0.007755,0.002715,0.003916,0.003459,95.771339
920.0,0.006824,0.003517,0.004249,0.003791,95.773933
919.5,0.006823,0.003626,0.003858,0.003614,95.767586
919.0,0.006665,0.003690,0.004563,0.003354,95.766541
918.5,0.006361,0.003460,0.003816,0.003615,95.766060
918.0,0.006704,0.003158,0.004250,0.003909,95.768127
917.5,0.006925,0.003744,0.003930,0.003125,95.772812
917.0,0.006766,0.003179,0.004305,0.003619,95.774918
916.5,0.006456,0.003561,0.003962,0.003880,95.784454
916.0,0.006749,0.003156,0.003976,0.003330,95.788574
915.5,0.006541,0.003239,0.003873,0.003210,95.791344
915.0,0.006405,0.003229,0.003945,0.003621,95.787804
914.5,0.006379,0.003494,0.004205,0.003963,95.785797
914.0,0.006067,0.003132,0.003996,0.003952,95.779495
913.5,0.006391,0.003313,0.003823,0.003672,95.781189
913.0,0.006106,0.003101,0.004004,0.004026,95.775505
912.5,0.006514,0.003199,0.003960,0.003548,95.774292
912.0,0.006068,0.002884,0.004137,0.003888,95.779762
911.5,0.005766,0.003151,0.003848,0.003126,95.779327
911.0,0.006270,0.003118,0.004167,0.003691,95.784729
910.5,0.005877,0.003288,0.004506,0.003993,95.779533
910.0,0.006200,0.003504,0.003965,0.004254,95.785919
909.5,0.006325,0.003256,0.003939,0.004366,95.786751
909.0,0.006034,0.003946,0.004087,0.003725,95.782539
908.5,0.005926,0.003175,0.004459,0.004144,95.784866
908.0,0.006316,0.003917,0.004401,0.003923,95.784477
907.5,0.006326,0.003332,0.004078,0.004405,95.782822
907.0,0.006258,0.003884,0.004625,0.003735,95.783707
906.5,0.006219,0.003425,0.004658,0.004037,95.788071
906.0,0.006151,0.003143,0.004224,0.004120,95.789375
905.5,0.006420,0.003630,0.004135,0.003588,95.786308
905.0,0.006442,0.003286,0.004226,0.003589,95.791054
904.5,0.006060,0.003806,0.003630,0.004431,95.792786
904.0,0.006653,0.003558,0.004679,0.004251,95.798180
903.5,0.006080,0.003295,0.004323,0.004791,95.798721
903.0,0.006246,0.003478,0.004570,0.004217,95.800690
902.5,0.006123,0.003705,0.004053,0.004278,95.802406
902.0,0.005924,0.003096,0.004361,0.003734,95.806854
901.5,0.006140,0.003061,0.004016,0.004530,95.804749
901.0,0.006072,0.002755,0.004468,0.004468,95.808487
900.5,0.006075,0.002894,0.004313,0.004312,95.810959
900.0,0.006438,0.003418,0.004743,0.004414,95.814529
899.5,0.001387,-0.000925,0.004805,0.001269,95.812241
899.0,0.003196,0.000407,0.004297,0.001755,95.881142
898.5,0.003335,0.000138,0.005182,0.001815,95.914375
898.0,0.003572,0.000618,0.004957,0.002447,95.802917
897.5,0.003498,0.000240,0.004953,0.002476,95.955505
897.0,0.003627,0.000352,0.004893,0.002250,95.917725
896.5,0.003546,0.000015,0.004547,0.002105,95.849739
896.0,0.003802,0.000657,0.004569,0.002887,95.780663
895.5,0.003252,0.000697,0.004636,0.002481,95.773575
895.0,0.003707,-0.000119,0.005036,0.002559,95.839760
894.5,0.003793,0.000438,0.004845,0.002437,95.820313
894.0,0.003931,0.000535,0.005271,0.002505,95.833534
893.5,0.003893,0.000503,0.005393,0.002926,95.894058
893.0,0.004016,0.000225,0.004973,0.002777,95.746338
892.5,0.004197,0.000165,0.005786,0.003119,95.918808
892.0,0.003484,0.000166,0.005421,0.003664,95.922455
891.5,0.003747,0.000040,0.005859,0.003579,95.879646
891.0,0.004315,0.000286,0.005545,0.003380,95.864998
890.5,0.004351,0.000415,0.005859,0.003331,95.878952
890.0,0.004068,0.000364,0.006264,0.003140,95.798615
889.5,0.005070,0.000678,0.006294,0.004455,95.884422
889.0,0.004624,0.000091,0.005935,0.003631,95.807358
888.5,0.004412,0.000140,0.006325,0.004493,95.913109
888.0,0.004765,0.000473,0.006988,0.004173,95.876030
887.5,0.005114,0.000216,0.006754,0.004393,95.812401
887.0,0.005386,0.000625,0.006656,0.005086,95.913055
886.5,0.005716,0.000345,0.007288,0.004873,95.887512
886.0,0.006101,0.000395,0.007070,0.004671,95.913033
885.5,0.005647,0.000230,0.007337,0.004652,95.834511
885.0,0.005493,0.000228,0.007265,0.005220,95.901550
884.5,0.006712,0.000324,0.007700,0.005800,95.785049
884.0,0.006809,0.000169,0.008681,0.005681,95.840279
883.5,0.006897,0.000367,0.008137,0.006648,95.804962
883.0,0.006865,0.000104,0.008287,0.006474,95.856705
882.5,0.006948,0.000348,0.008515,0.007016,95.838310
882.0,0.007358,0.000227,0.009006,0.006945,95.871010
881.5,0.007568,0.000048,0.009189,0.007215,95.763229
881.0,0.008727,0.000276,0.009908,0.008115,95.742439
880.5,0.008656,0.000260,0.009376,0.008397,95.690941
880.0,0.009045,0.000287,0.009711,0.009002,95.658653
879.5,0.008958,0.000366,0.009787,0.009380,95.735809
879.0,0.009488,0.000456,0.010427,0.009865,95.694145
878.5,0.010098,0.000106,0.010591,0.010422,95.592979
878.0,0.010084,0.000160,0.010392,0.010996,95.567566
877.5,0.010042,0.000355,0.010293,0.011626,95.630234
877.0,0.010662,0.000074,0.010686,0.012130,95.610748
876.5,0.011066,0.000382,0.010625,0.013235,95.570374
876.0,0.011288,0.000159,0.010712,0.013942,95.532913
875.5,0.011711,0.000371,0.011619,0.014574,95.553833
875.0,0.011787,0.000211,0.010277,0.015691,95.498909
874.5,0.012039,0.000355,0.010372,0.016326,95.458809
874.0,0.012146,0.000078,0.010964,0.017723,95.457886
873.5,0.012340,0.000056,0.010622,0.018969,95.404816
873.0,0.012625,0.000241,0.010935,0.020140,95.455963
872.5,0.012275,0.000191,0.009732,0.021234,95.426559
872.0,0.012742,0.000180,0.010330,0.022863,95.407059
871.5,0.011986,0.000094,0.009714,0.024107,95.393921
871.0,0.012455,0.000141,0.010214,0.025701,95.396301
870.5,0.012011,0.000095,0.009817,0.027165,95.374901
870.0,0.011735,0.000164,0.010072,0.029637,95.392639
869.5,0.011893,0.000129,0.009206,0.031472,95.423950
869.0,0.011582,0.000203,0.009353,0.033293,95.392525
868.5,0.011156,0.000261,0.009772,0.036764,95.367050
868.0,0.010891,0.000120,0.009207,0.039366,95.372696
867.5,0.010812,0.000235,0.009358,0.042338,95.405670
867.0,0.010387,0.000108,0.009614,0.045037,95.375832
866.5,0.010069,0.000321,0.009264,0.048598,95.410545
866.0,0.009570,0.000240,0.009050,0.052151,95.459076
865.5,0.009350,0.000104,0.008402,0.056592,95.442497
865.0,0.009108,0.000285,0.008984,0.060999,95.553520
864.5,0.008782,0.000061,0.009068,0.065896,95.478348
864.0,0.008597,0.000280,0.008959,0.071003,95.519547
863.5,0.007792,0.000216,0.008523,0.076894,95.543762
863.0,0.008054,0.000249,0.008675,0.083931,95.625389
862.5,0.007646,0.000286,0.008429,0.090128,95.631981
862.0,0.007693,0.000187,0.008412,0.097290,95.600494
861.5,0.007310,0.000358,0.008483,0.106373,95.631393
861.0,0.006993,0.000223,0.008640,0.114336,95.652519
860.5,0.007202,0.000378,0.008520,0.124641,95.676605
860.0,0.006767,0.000268,0.008393,0.136118,95.735092
859.5,0.006459,0.000162,0.008340,0.148100,95.742744
859.0,0.006314,0.000358,0.007319,0.161931,95.826813
858.5,0.006452,0.000288,0.007942,0.177248,95.807793
858.0,0.006115,0.000450,0.007861,0.192585,95.850494
857.5,0.005857,0.000159,0.007876,0.211305,95.850388
857.0,0.005900,0.000292,0.008180,0.230711,95.873283
856.5,0.006114,0.000504,0.008370,0.253398,95.845284
856.0,0.005685,0.000295,0.008155,0.277669,95.906227
855.5,0.005734,0.000456,0.008022,0.304941,95.923798
855.0,0.005650,0.000217,0.007732,0.335762,95.892944
854.5,0.005486,0.000408,0.007382,0.369763,95.888992
854.0,0.005636,0.000454,0.007544,0.407388,95.883781
853.5,0.005416,0.000341,0.007119,0.449520,95.894554
853.0,0.005554,0.000319,0.007282,0.496579,95.861549
852.5,0.005323,0.000444,0.008046,0.549774,95.845551
852.0,0.005390,0.000400,0.007306,0.610384,95.854652
851.5,0.005658,0.000529,0.007519,0.675739,95.853600
851.0,0.005533,0.000367,0.006966,0.751902,95.803291
850.5,0.005627,0.000463,0.007549,0.834420,95.771317
850.0,0.005793,0.000554,0.007367,0.932260,95.758591
849.5,0.005790,0.000533,0.003395,1.040288,95.727188
849.0,0.005891,0.000339,0.004016,1.160567,95.696396
848.5,0.006058,0.000580,0.003860,1.300432,95.617203
848.0,0.006080,0.000314,0.003813,1.458250,95.553871
847.5,0.006478,0.000348,0.003880,1.636702,95.509178
847.0,0.006406,0.000380,0.003717,1.839779,95.393074
846.5,0.006738,0.000302,0.003718,2.076557,95.250404
846.0,0.007018,0.000381,0.003823,2.345312,95.102264
845.5,0.007175,0.000179,0.003740,2.642525,94.863533
845.0,0.007508,0.000269,0.003682,2.992980,94.571190
844.5,0.008072,0.000351,0.003575,3.392498,94.184631
844.0,0.008317,0.000146,0.003648,3.840235,93.682617
843.5,0.008770,0.000243,0.003550,4.369710,93.092056
843.0,0.009575,0.000254,0.004060,4.978654,92.299599
842.5,0.009975,0.000234,0.003418,5.673043,91.336800
842.0,0.010630,0.000175,0.003583,6.460410,90.175827
841.5,0.011853,0.000202,0.003517,7.379891,88.715279
841.0,0.012408,0.000088,0.003583,8.435946,87.015259
840.5,0.013568,0.000101,0.003403,9.650329,84.970581
840.0,0.015266,0.000213,0.003505,11.065734,82.589188
839.5,0.016707,0.000089,0.003546,12.655741,79.860725
839.0,0.018553,0.000119,0.003379,14.453420,76.850647
838.5,0.021136,0.000212,0.003305,16.557362,73.454704
838.0,0.023462,0.000145,0.003501,18.892437,69.765816
837.5,0.026714,0.000065,0.003202,21.520256,65.865082
837.0,0.030449,0.000164,0.003379,24.488749,61.710632
836.5,0.034168,0.000248,0.003244,27.794228,57.378231
836.0,0.037696,0.000112,0.003301,31.382788,53.014576
835.5,0.040968,0.000004,0.003163,35.280018,48.668568
835.0,0.043935,0.000203,0.003189,39.461060,44.414394
834.5,0.044883,-0.000004,0.003257,43.866814,40.248554
834.0,0.044382,0.000070,0.002372,48.428856,36.315620
833.5,0.042550,0.000131,0.003292,53.168659,32.532829
833.0,0.039066,0.000311,0.003083,57.865196,29.040169
832.5,0.034747,0.000073,0.003140,62.406158,25.849491
832.0,0.030122,0.000106,0.003408,66.850174,22.901571
831.5,0.025538,0.000048,0.003037,71.022507,20.218819
831.0,0.021467,0.000151,0.003099,74.806000,17.838945
830.5,0.018218,0.000269,0.003034,78.272972,15.690722
830.0,0.014849,0.000132,0.003018,81.325912,13.769989
829.5,0.012715,-0.000039,0.003244,83.939705,12.090620
829.0,0.010767,0.000092,0.003131,86.138641,10.612219
828.5,0.009300,0.000190,0.003052,87.988853,9.313929
828.0,0.007615,0.000085,0.003051,89.453957,8.173565
827.5,0.006637,0.000088,0.003036,90.647903,7.177559
827.0,0.005816,0.000033,0.003172,91.588898,6.284372
826.5,0.005083,0.000037,0.003093,92.305412,5.513309
826.0,0.004327,0.000037,0.002936,92.811035,4.851618
825.5,0.003953,0.000238,0.003051,93.224991,4.267758
825.0,0.003371,-0.000029,0.003000,93.492577,3.753703
824.5,0.002901,0.000018,0.002912,93.678154,3.308203
824.0,0.002686,0.000176,0.002945,93.849953,2.914990
823.5,0.002419,0.000082,0.003018,93.947441,2.572906
823.0,0.002167,0.000082,0.003015,94.005310,2.274175
822.5,0.001907,0.000044,0.002973,94.057846,2.013758
822.0,0.001932,0.000265,0.002956,94.098656,1.782075
821.5,0.001638,0.000178,0.003008,94.129486,1.580882
821.0,0.001455,0.000175,0.002935,94.158607,1.406205
820.5,0.001428,0.000184,0.002922,94.175072,1.246296
820.0,0.001197,0.000127,0.003041,94.197929,1.109372
819.5,0.001065,0.000182,0.003022,94.223236,0.989326
819.0,0.001089,0.000055,0.003118,94.276848,0.883640
818.5,0.000955,0.000152,0.002940,94.309677,0.788189
818.0,0.000908,0.000288,0.002918,94.329521,0.705066
817.5,0.000965,0.000385,0.002978,94.373940,0.631329
817.0,0.000859,0.000285,0.002947,94.402275,0.564738
816.5,0.000757,0.000322,0.002846,94.422707,0.507129
816.0,0.000641,0.000316,0.003050,94.405533,0.455511
815.5,0.000768,0.000451,0.003037,94.419785,0.409052
815.0,0.000632,0.000430,0.002947,94.416580,0.368225
814.5,0.000550,0.000337,0.003044,94.419525,0.332018
814.0,0.000489,0.000560,0.003032,94.404137,0.298962
813.5,0.000488,0.000475,0.002981,94.406654,0.269461
813.0,0.000488,0.000566,0.003046,94.377525,0.243333
812.5,0.000350,0.000523,0.003015,94.346375,0.220399
812.0,0.000462,0.000395,0.003015,94.321701,0.199391
811.5,0.000333,0.000365,0.003007,94.267891,0.180447
811.0,0.000526,0.000592,0.003100,94.215889,0.163240
810.5,0.000308,0.000352,0.003050,94.177887,0.148312
810.0,0.000388,0.000364,0.003014,94.125832,0.134723
809.5,0.000241,0.000119,0.002971,94.066460,0.122481
809.0,0.000372,0.000179,0.002862,94.009110,0.111116
808.5,0.000146,0.000170,0.003038,93.953575,0.101160
808.0,0.000223,0.000006,0.002968,93.889282,0.092250
807.5,0.000168,0.000254,0.003031,93.848335,0.083952
807.0,0.000337,0.000191,0.003034,93.804581,0.076614
806.5,0.000162,0.000102,0.003113,93.738052,0.070168
806.0,0.000040,0.000125,0.003115,93.677826,0.064097
805.5,0.000226,0.000113,0.003200,93.636459,0.058431
805.0,0.000118,0.000071,0.003165,93.605232,0.053665
804.5,0.000283,0.000040,0.003190,93.567474,0.049024
804.0,0.000204,-0.000036,0.003201,93.527428,0.044913
803.5,0.000218,0.000096,0.003232,93.501747,0.041303
803.0,0.000138,-0.000040,0.003204,93.443794,0.037729
802.5,0.000211,0.000022,0.003250,93.433502,0.034688
802.0,0.000164,-0.000065,0.003273,93.416565,0.031840
801.5,0.000142,-0.000002,0.003274,93.384659,0.029264
801.0,0.000086,0.000016,0.003249,93.354187,0.026783
800.5,0.000055,0.000004,0.003319,93.364159,0.024836
800.0,0.000235,-0.000047,0.003347,93.348679,0.022763
799.5,0.000056,-0.000104,0.003336,93.331070,0.021135
799.0,0.000185,0.000114,0.003376,93.339996,0.019436
798.5,0.000200,-0.000092,0.003429,93.340561,0.017904
798.0,0.000137,0.000095,0.003412,93.347961,0.016463
797.5,0.000184,-0.000049,0.003410,93.340485,0.015345
797.0,0.000206,-0.000005,0.003548,93.336128,0.014143
796.5,0.000069,0.000010,0.003483,93.346664,0.012994
796.0,0.000075,0.000027,0.003568,93.361839,0.011928
795.5,0.000150,-0.000012,0.003575,93.388977,0.011238
795.0,0.000261,0.000089,0.003704,93.395882,0.010363
794.5,0.000080,0.000036,0.003646,93.413742,0.009713
794.0,0.000267,-0.000003,0.003645,93.433937,0.008907
793.5,0.000140,0.000008,0.003750,93.439308,0.008198
793.0,0.000082,-0.000011,0.003616,93.464020,0.007693
792.5,0.000081,0.000049,0.003769,93.487564,0.007304
792.0,0.000114,-0.000070,0.003910,93.512764,0.006676
791.5,0.000134,-0.000019,0.004019,93.550751,0.006163
791.0,0.000140,0.000022,0.003897,93.566986,0.005826
790.5,0.000153,0.000080,0.003788,93.594109,0.005528
790.0,0.000123,-0.000061,0.003746,93.633026,0.005033
789.5,0.000091,0.000008,0.003950,93.659439,0.004598
789.0,0.000069,-0.000125,0.003660,93.691025,0.004325
788.5,0.000145,-0.000016,0.004138,93.741570,0.004021
788.0,0.000046,0.000015,0.004172,93.773041,0.003729
787.5,0.000152,-0.000003,0.004215,93.790642,0.003483
787.0,0.000090,-0.000048,0.004209,93.846062,0.003353
786.5,0.000044,-0.000002,0.004316,93.877350,0.003183
786.0,0.000240,0.000149,0.004246,93.935814,0.002815
785.5,0.000066,-0.000052,0.004229,93.953896,0.002666
785.0,0.000021,-0.000020,0.004337,93.999245,0.002515
784.5,0.000092,0.000106,0.004410,94.033363,0.002428
784.0,0.000138,0.000045,0.004484,94.065460,0.002189
783.5,0.000004,0.000008,0.004608,94.132004,0.002112
783.0,0.000202,-0.000045,0.004894,94.161919,0.001918
782.5,0.000034,0.000007,0.004687,94.203934,0.001953
782.0,0.000391,0.000184,0.004817,94.241890,0.001868
781.5,0.000029,0.000101,0.004813,94.287064,0.001572
781.0,0.000051,-0.000005,0.004878,94.318802,0.001615
780.5,0.000106,-0.000044,0.004891,94.339523,0.001448
780.0,0.000111,0.000091,0.004973,94.382172,0.001341
779.5,0.000038,0.000002,0.005118,94.423523,0.001290
779.0,0.000068,0.000016,0.005184,94.444138,0.001101
778.5,0.000048,0.000011,0.005217,94.456528,0.001134
778.0,0.000081,0.000017,0.005268,94.516495,0.001019
777.5,0.000040,-0.000118,0.005357,94.525932,0.000916
777.0,0.000152,0.000036,0.005442,94.541084,0.000870
776.5,0.000110,-0.000103,0.005539,94.550514,0.000844
776.0,0.000041,-0.000098,0.005559,94.547966,0.000731
775.5,-0.000032,-0.000035,0.005869,94.561768,0.000704
775.0,0.000050,-0.000071,0.005780,94.568436,0.000709
774.5,0.000181,0.000122,0.005969,94.578896,0.000795
774.0,0.000062,-0.000048,0.005895,94.563644,0.000662
773.5,0.000156,-0.000003,0.006038,94.559692,0.000680
773.0,0.000005,0.000022,0.006153,94.543076,0.000475
772.5,0.000106,0.000039,0.006382,94.540199,0.000556
772.0,0.000102,0.000074,0.006332,94.527634,0.000476
771.5,0.000063,0.000024,0.006657,94.511993,0.000483
771.0,0.000074,0.000059,0.006644,94.487000,0.000499
770.5,0.000181,0.000060,0.006707,94.459000,0.000463
770.0,0.000028,-0.000007,0.006952,94.435898,0.000427
769.5,0.000029,0.000008,0.007042,94.412399,0.000406
769.0,-0.000008,0.000051,0.007097,94.379921,0.000480
768.5,0.000150,-0.000128,0.007296,94.360336,0.000358
768.0,0.000090,0.000049,0.007580,94.318573,0.000402
767.5,0.000049,-0.000068,0.007646,94.280533,0.000387
767.0,0.000093,-0.000042,0.007783,94.253609,0.000465
766.5,0.000144,0.000065,0.007770,94.234367,0.000272
766.0,0.000041,0.000078,0.008162,94.199104,0.000340
765.5,0.000045,-0.000045,0.008147,94.169106,0.000233
765.0,0.000013,0.000013,0.008444,94.141975,0.000288
764.5,0.000068,0.000054,0.008590,94.114288,0.000226
764.0,0.000130,-0.000077,0.008931,94.103691,0.000036
763.5,0.000055,-0.000137,0.009027,94.068832,0.000171
763.0,0.000146,0.000194,0.009082,94.063690,0.000186
762.5,0.000118,-0.000033,0.009358,94.027328,0.000079
762.0,0.000057,-0.000010,0.009633,94.022888,0.000158
761.5,0.000109,0.000055,0.009856,93.995781,0.000146
761.0,0.000118,-0.000024,0.010108,93.997879,0.000126
760.5,-0.000083,-0.000027,0.010398,93.991798,0.000188
760.0,0.000077,-0.000139,0.010409,93.972763,0.000143
759.5,0.000053,0.000061,0.010703,93.998543,0.000134
759.0,0.000014,0.000010,0.010976,93.988716,0.000111
758.5,0.000008,0.000112,0.011265,93.984489,0.000107
758.0,0.000055,0.000074,0.011532,93.988838,0.000120
757.5,0.000039,-0.000109,0.011827,93.990967,0.000096
757.0,0.000051,0.000012,0.012278,94.002594,0.000128
756.5,0.000084,0.000012,0.012413,94.008224,0.000118
756.0,0.000128,0.000034,0.012747,94.031105,0.000011
755.5,0.000096,0.000038,0.013094,94.032791,0.000083
755.0,0.000074,0.000007,0.013319,94.048157,0.000078
754.5,-0.000032,0.000100,0.013848,94.064537,0.000095
754.0,0.000061,-0.000050,0.014336,94.075935,0.000009
753.5,0.000061,0.000005,0.014705,94.094559,0.000106
753.0,0.000171,0.000138,0.015022,94.105591,0.000156
752.5,0.000207,-0.000108,0.015360,94.123001,0.000144
752.0,0.000092,0.000048,0.015865,94.137466,-0.000019
751.5,0.000098,-0.000064,0.016397,94.139496,0.000131
751.0,0.000070,-0.000023,0.016800,94.145981,0.000040
750.5,0.000018,0.000014,0.017390,94.149231,0.000003
750.0,0.000155,-0.000150,0.017912,94.146606,0.000028
749.5,0.000120,-0.000066,0.018386,94.181999,0.000062
749.0,0.000098,-0.000019,0.018967,94.159706,-0.000061
748.5,0.000064,0.000018,0.019560,94.139633,0.000070
748.0,0.000064,-0.000037,0.020171,94.135811,-0.000010
747.5,0.000072,-0.000140,0.020864,94.127075,-0.000052
747.0,0.000003,-0.000017,0.021387,94.099548,0.000002
746.5,0.000132,0.000002,0.022033,94.084351,0.000181
746.0,0.000149,-0.000029,0.022789,94.040596,0.000024
745.5,0.000176,-0.000092,0.023534,94.027870,-0.000062
745.0,0.000079,-0.000022,0.024379,93.985527,0.000113
744.5,0.000023,-0.000007,0.025233,93.949776,0.000042
744.0,0.000120,-0.000070,0.026232,93.901230,-0.000030
743.5,0.000278,0.000052,0.026860,93.853401,0.000101
743.0,0.000097,0.000094,0.027839,93.800827,0.000046
742.5,0.000069,-0.000007,0.028850,93.742920,-0.000052
742.0,0.000032,-0.000021,0.029861,93.689407,0.000114
741.5,0.000174,0.000006,0.030872,93.627960,0.000001
741.0,-0.000027,0.000057,0.031962,93.557808,0.000023
740.5,0.000071,-0.000061,0.033279,93.481354,-0.000004
740.0,0.000219,0.000017,0.034474,93.431953,-0.000064
739.5,0.000056,0.000050,0.035877,93.328201,0.000032
739.0,0.000106,-0.000010,0.037249,93.252808,-0.000033
738.5,0.000077,-0.000002,0.038779,93.166489,-0.000009
738.0,0.000079,-0.000082,0.040149,93.089317,-0.000037
737.5,0.000162,0.000082,0.041594,92.999748,0.000102
737.0,0.000118,-0.000086,0.043443,92.900230,-0.000067
736.5,0.000083,0.000052,0.045081,92.813202,-0.000076
736.0,0.000117,-0.000045,0.046926,92.716560,-0.000083
735.5,0.000108,0.000057,0.049031,92.617760,-0.000083
735.0,0.000176,-0.000069,0.051045,92.529251,-0.000047
734.5,0.000213,0.000145,0.053003,92.424217,-0.000007
734.0,0.000114,0.000005,0.055227,92.315537,-0.000088
733.5,0.000157,0.000033,0.057512,92.203712,-0.000060
733.0,0.000185,0.000021,0.059827,92.102348,-0.000107
732.5,0.000140,0.000030,0.062933,91.988823,-0.000059
732.0,0.000181,0.000024,0.065585,91.879097,0.000170
731.5,0.000187,0.000137,0.068320,91.749245,0.000129
731.0,-0.000031,0.000026,0.071614,91.629425,0.000039
730.5,0.000138,-0.000007,0.074720,91.510765,0.000006
730.0,0.000158,0.000032,0.078020,91.380287,-0.000057
729.5,0.000169,0.000023,0.081764,91.254486,0.000006
729.0,0.000144,0.000167,0.085759,91.112671,0.000138
728.5,0.000141,0.000012,0.089661,90.968826,0.000079
728.0,0.000165,0.000031,0.093823,90.814850,0.000019
727.5,0.000079,0.000010,0.098482,90.667709,-0.000007
727.0,0.000136,0.000027,0.103382,90.503616,-0.000019
726.5,0.000204,0.000020,0.108384,90.334816,-0.000021
726.0,0.000257,0.000055,0.113858,90.181526,0.000109
725.5,0.000205,-0.000023,0.119699,89.988312,0.000024
725.0,0.000076,-0.000039,0.125666,89.770821,0.000026
724.5,0.000163,-0.000093,0.132353,89.571907,0.000032
724.0,0.000282,-0.000034,0.139102,89.370087,0.000064
723.5,0.000235,0.000054,0.146612,89.157204,0.000003
723.0,0.000250,-0.000040,0.154252,88.919006,0.000010
722.5,0.000229,-0.000007,0.162905,88.659706,-0.000021
722.0,0.000244,-0.000085,0.172066,88.400200,-0.000023
721.5,0.000182,-0.000022,0.181150,88.129112,0.000030
721.0,0.000117,0.000033,0.191298,87.846985,-0.000034
720.5,0.000173,-0.000131,0.202243,87.556099,0.000008
720.0,0.000169,0.000017,0.213729,87.245659,-0.000098
719.5,0.000206,0.000056,0.226254,86.898827,-0.000044
719.0,0.000254,0.000034,0.239922,86.562698,-0.000017
718.5,0.000289,0.000139,0.253461,86.201096,0.000010
718.0,0.000227,-0.000146,0.268968,85.816681,-0.000044
717.5,0.000141,-0.000042,0.285181,85.422127,0.000003
717.0,0.000175,-0.000080,0.302491,85.010803,0.000040
716.5,0.000195,0.000038,0.321574,84.584984,0.000015
716.0,0.000202,0.000157,0.341693,84.143295,0.000128
715.5,0.000228,0.000050,0.363390,83.647621,0.000047
715.0,0.000303,0.000104,0.386579,83.153984,-0.000045
714.5,0.000191,-0.000023,0.412311,82.643600,0.000059
714.0,0.000117,-0.000042,0.438868,82.111069,0.000092
713.5,0.000314,0.000072,0.467968,81.553360,0.000026
713.0,0.000238,0.000051,0.499897,80.964218,0.000084
712.5,0.000360,0.000001,0.534262,80.364265,0.000078
712.0,0.000345,-0.000015,0.570507,79.728485,-0.000003
711.5,0.000291,0.000088,0.609933,79.083672,0.000038
711.0,0.000224,-0.000009,0.653033,78.402153,-0.000002
710.5,0.000131,0.000049,0.699282,77.701553,-0.000043
710.0,0.000284,-0.000057,0.750484,76.968155,0.000014
709.5,0.000342,0.000020,0.805371,76.207275,-0.000001
709.0,0.000412,0.000005,0.864588,75.429131,0.000064
708.5,0.000270,0.000103,0.928097,74.623993,0.000006
708.0,0.000306,-0.000072,0.999706,73.773666,-0.000003
707.5,0.000215,-0.000034,1.076300,72.906235,-0.000015
707.0,0.000429,0.000081,1.157804,72.008980,0.000097
706.5,0.000283,-0.000072,1.250183,71.064255,-0.000067
706.0,0.000467,0.000001,1.350133,70.096161,-0.000008
705.5,0.000291,-0.000014,1.457843,69.098801,-0.000041
705.0,0.000368,0.000052,1.575692,68.076584,-0.000041
704.5,0.000495,0.000117,1.704119,67.014854,0.000051
704.0,0.000287,-0.000045,1.845868,65.912056,-0.000116
703.5,0.000275,-0.000071,2.001783,64.798203,-0.000092
703.0,0.000294,0.000010,2.173661,63.615799,-0.000002
702.5,0.000361,0.000045,2.361200,62.406899,-0.000061
702.0,0.000349,0.000111,2.564336,61.198425,0.000048
701.5,0.000322,-0.000028,2.792040,59.926079,0.000111
701.0,0.000366,-0.000104,3.040526,58.636017,-0.000071
700.5,0.000394,-0.000001,3.310804,57.298290,0.000021
700.0,0.000482,0.000094,3.617968,55.939503,0.000065
699.5,0.000320,-0.000029,3.954196,54.539680,0.000069
699.0,0.000371,0.000019,4.318454,53.118927,0.000038
698.5,0.000362,-0.000022,4.728103,51.694405,-0.000049
698.0,0.000432,0.000103,5.178410,50.202679,0.000148
697.5,0.000335,-0.000057,5.679853,48.693199,-0.000102
697.0,0.000404,0.000033,6.237505,47.204296,-0.000002
696.5,0.000400,-0.000035,6.859690,45.633801,-0.000091
696.0,0.000420,-0.000005,7.543401,44.065990,0.000099
695.5,0.000452,0.000073,8.291304,42.501087,-0.000008
695.0,0.000276,-0.000105,9.137980,40.904522,-0.000143
694.5,0.000334,-0.000069,10.074638,39.309753,-0.000024
694.0,0.000497,-0.000061,11.081573,37.696362,-0.000251
693.5,0.000459,-0.000059,12.241013,36.102257,0.000001
693.0,0.000481,-0.000024,13.508844,34.477520,-0.000011
692.5,0.000353,0.000022,14.880445,32.865307,-0.000005
692.0,0.000411,-0.000072,16.417635,31.303719,-0.000104
691.5,0.000486,-0.000049,18.092920,29.705996,-0.000068
691.0,0.000278,-0.000092,19.941435,28.145102,-0.000003
690.5,0.000304,-0.000035,21.974056,26.629595,0.000052
690.0,0.000359,-0.000002,24.191793,25.090944,0.000002
689.5,0.000503,0.000045,26.578197,23.597181,-0.000009
689.0,0.000433,0.000006,29.108276,22.160620,0.000007
688.5,0.000383,-0.000027,31.915020,20.739109,0.000010
688.0,0.000473,-0.000057,34.858215,19.375910,-0.000006
687.5,0.000412,0.000103,37.923576,18.037289,0.000002
687.0,0.000479,-0.000043,41.236771,16.739897,-0.000054
686.5,0.000399,0.000050,44.669991,15.486050,0.000032
686.0,0.000372,0.000008,48.124744,14.300330,0.000046
685.5,0.000428,-0.000067,51.729183,13.173923,-0.000011
685.0,0.000513,0.000092,55.330910,12.079884,0.000046
684.5,0.000357,0.000037,58.941345,11.044855,0.000023
684.0,0.000413,-0.000057,62.517303,10.085762,-0.000001
683.5,0.000445,-0.000034,66.037285,9.155807,0.000016
683.0,0.000491,0.000032,69.344742,8.287200,0.000106
682.5,0.000396,-0.000028,72.482742,7.489318,-0.000062
682.0,0.000373,-0.000097,75.489708,6.742509,-0.000096
681.5,0.000392,0.000015,78.234955,6.047345,-0.000112
681.0,0.000412,0.000022,80.698257,5.407403,-0.000089
680.5,0.000500,-0.000054,82.971687,4.820401,-0.000098
680.0,0.000464,-0.000020,84.971016,4.273504,-0.000044
679.5,0.000437,0.000048,86.695694,3.779657,-0.000054
679.0,0.000424,-0.000010,88.180389,3.340467,-0.000093
678.5,0.000372,-0.000064,89.457581,2.933844,0.000030
678.0,0.000479,-0.000005,90.522896,2.567666,0.000031
677.5,0.000221,-0.000146,91.402397,2.244003,-0.000030
677.0,0.000383,-0.000024,92.110359,1.949714,-0.000024
676.5,0.000266,-0.000126,92.677895,1.688949,0.000017
676.0,0.000377,-0.000018,93.109154,1.458923,-0.000100
675.5,0.000415,0.000037,93.455902,1.255903,0.000008
675.0,0.000205,-0.000059,93.724251,1.077371,-0.000034
674.5,0.000180,-0.000068,93.903366,0.920747,-0.000065
674.0,0.000140,-0.000031,94.035553,0.783959,-0.000027
673.5,0.000337,-0.000010,94.138260,0.664299,-0.000026
673.0,0.000196,-0.000055,94.201599,0.561965,0.000029
672.5,0.000250,0.000102,94.246582,0.475319,-0.000066
672.0,0.000225,-0.000021,94.268913,0.398624,-0.000077
671.5,0.000235,0.000070,94.277191,0.334188,-0.000027
671.0,0.000214,-0.000071,94.287865,0.279694,-0.000018
670.5,0.000264,0.000064,94.285759,0.232739,-0.000027
670.0,0.000219,0.000015,94.295410,0.193191,0.000075
669.5,0.000298,0.000085,94.289444,0.160239,0.000037
669.0,0.000227,0.000099,94.293800,0.132315,-0.000026
668.5,0.000211,0.000025,94.306305,0.109074,0.000051
668.0,0.000181,0.000013,94.306549,0.089665,-0.000061
667.5,0.000148,-0.000060,94.325813,0.073657,-0.000049
667.0,0.000227,-0.000016,94.358826,0.059941,-0.000032
666.5,0.000156,0.000032,94.386284,0.049062,-0.000006
666.0,0.000061,-0.000023,94.420471,0.040016,-0.000005
665.5,0.000234,-0.000033,94.455246,0.032481,-0.000020
665.0,0.000157,-0.000070,94.499603,0.026375,-0.000054
664.5,0.000151,-0.000043,94.544373,0.021376,-0.000009
664.0,0.000140,0.000007,94.580444,0.017297,-0.000107
663.5,0.000028,-0.000078,94.616020,0.013991,0.000058
663.0,0.000136,-0.000097,94.638191,0.011244,0.000102
662.5,0.000052,-0.000061,94.658524,0.008978,-0.000088
662.0,-0.000029,0.000012,94.672798,0.007267,-0.000054
661.5,0.000070,-0.000032,94.677612,0.005841,-0.000067
661.0,0.000001,-0.000021,94.683670,0.004738,-0.000048
660.5,0.000037,0.000074,94.683151,0.003772,-0.000045
660.0,-0.000007,0.000027,94.682564,0.003022,-0.000058
659.5,-0.000066,-0.000024,94.663727,0.002512,-0.000070
659.0,-0.000083,0.000056,94.638313,0.001821,-0.000040
658.5,-0.000020,-0.000048,94.618919,0.001522,-0.000060
658.0,0.000027,-0.000069,94.583794,0.001228,-0.000027
657.5,-0.000053,0.000023,94.543152,0.001045,-0.000008
657.0,0.000018,0.000083,94.494209,0.000853,0.000052
656.5,0.000064,-0.000011,94.437309,0.000623,-0.000096
656.0,0.000086,-0.000075,94.382980,0.000466,0.000014
655.5,0.000056,-0.000017,94.326103,0.000433,-0.000061
655.0,-0.000142,0.000044,94.265648,0.000333,-0.000001
654.5,-0.000009,-0.000012,94.187408,0.000326,-0.000045
654.0,0.000070,0.000009,94.115486,0.000256,-0.000030
653.5,0.000012,-0.000010,94.047127,0.000201,-0.000008
653.0,-0.000086,-0.000012,93.976997,0.000039,0.000000
652.5,0.000132,-0.000001,93.918457,0.000018,-0.000050
652.0,-0.000027,-0.000093,93.847878,0.000003,-0.000028
651.5,0.000030,-0.000083,93.782738,0.000050,-0.000034
651.0,0.000055,0.000086,93.721779,0.000044,-0.000067
650.5,-0.000001,0.000103,93.654511,0.000145,0.000002
650.0,-0.000040,-0.000016,93.596825,-0.000037,-0.000067
649.5,-0.000074,-0.000129,93.545738,-0.000004,-0.000075
649.0,-0.000148,-0.000043,93.498016,-0.000060,-0.000009
648.5,-0.000092,0.000034,93.450584,-0.000079,-0.000050
648.0,0.000023,0.000005,93.405090,0.000043,-0.000023
647.5,0.000003,0.000064,93.381287,0.000041,0.000034
647.0,0.000012,0.000038,93.364807,-0.000021,0.000018
646.5,0.000056,-0.000042,93.351128,-0.000014,0.000036
646.0,-0.000064,0.000015,93.355392,0.000109,-0.000078
645.5,-0.000012,0.000004,93.357162,-0.000017,-0.000090
645.0,-0.000014,-0.000066,93.368965,0.000033,-0.000078
644.5,-0.000052,-0.000047,93.383316,0.000060,-0.000013
644.0,-0.000002,0.000043,93.415367,0.000018,-0.000031
643.5,0.000110,0.000131,93.439804,0.000010,0.000050
643.0,0.000001,0.000086,93.463234,0.000085,-0.000046
642.5,0.000017,0.000020,93.497551,-0.000017,0.000020
642.0,-0.000057,0.000135,93.534531,0.000094,-0.000029
641.5,-0.000041,0.000055,93.585800,-0.000052,0.000036
641.0,0.000044,-0.000009,93.638977,-0.000077,-0.000052
640.5,-0.000038,0.000197,93.711586,-0.000022,0.000049
640.0,-0.000018,-0.000029,93.778580,-0.000089,-0.000083
639.5,0.000083,0.000116,93.847672,0.000027,-0.000079
639.0,0.000033,-0.000004,93.930641,-0.000080,-0.000031
638.5,0.000011,0.000099,94.018570,-0.000035,-0.000013
638.0,-0.000064,-0.000024,94.103745,0.000045,-0.000006
637.5,-0.000024,0.000064,94.183907,0.000026,-0.000076
637.0,0.000025,0.000152,94.260231,0.000160,0.000007
636.5,0.000027,0.000054,94.335846,-0.000075,-0.000085
636.0,-0.000107,0.000060,94.405785,-0.000125,-0.000159
635.5,-0.000128,0.000157,94.479866,-0.000045,-0.000072
635.0,-0.000028,0.000130,94.561020,-0.000039,-0.000030
634.5,-0.000013,0.000124,94.627510,0.000008,-0.000068
634.0,-0.000148,0.000220,94.693687,-0.000067,0.000004
633.5,-0.000126,0.000111,94.760330,0.000011,-0.000013
633.0,-0.000037,0.000140,94.825272,0.000025,-0.000066
632.5,-0.000052,0.000132,94.893837,-0.000095,-0.000112
632.0,-0.000088,0.000111,94.957443,-0.000006,-0.000085
631.5,-0.000021,0.000260,94.999855,-0.000068,-0.000069
631.0,0.000042,0.000246,95.041359,0.000019,-0.000003
630.5,-0.000045,0.000305,95.074104,-0.000039,0.000004
630.0,-0.000072,0.000142,95.105103,0.000029,-0.000132
629.5,-0.000060,0.000218,95.127602,-0.000097,-0.000084
629.0,0.000051,0.000288,95.149727,0.000091,-0.000065
628.5,-0.000124,0.000263,95.164513,-0.000002,-0.000037
628.0,-0.000061,0.000162,95.161369,0.000006,0.000027
627.5,0.000017,0.000305,95.169662,0.000014,-0.000095
627.0,-0.000010,0.000238,95.175133,0.000007,-0.000011
626.5,-0.000060,0.000353,95.171089,-0.000052,0.000010
626.0,-0.000035,0.000263,95.160019,-0.000090,-0.000045
625.5,0.000031,0.000204,95.134476,-0.000011,0.000042
625.0,-0.000025,0.000181,95.111397,-0.000023,-0.000044
624.5,-0.000088,0.000313,95.076782,-0.000027,0.000025
624.0,0.000020,0.000216,95.039909,-0.000058,0.000006
623.5,-0.000076,0.000295,95.009827,-0.000034,-0.000017
623.0,0.000033,0.000327,94.972824,-0.000056,-0.000005
622.5,-0.000008,0.000240,94.929359,-0.000054,-0.000082
622.0,-0.000066,0.000311,94.897697,-0.000174,-0.000053
621.5,0.000057,0.000407,94.854126,0.000033,-0.000053
621.0,-0.000040,0.000262,94.824501,0.000066,-0.000083
620.5,0.000007,0.000372,94.782845,0.000007,-0.000176
620.0,-0.000026,0.000260,94.739029,0.000026,-0.000042
619.5,-0.000012,0.000299,94.694122,-0.000032,-0.000028
619.0,-0.000077,0.000365,94.639038,-0.000010,0.000029
618.5,-0.000107,0.000370,94.590462,-0.000055,-0.000074
618.0,0.000083,0.000319,94.552490,0.000047,-0.000092
617.5,-0.000078,0.000417,94.512894,0.000008,-0.000090
617.0,-0.000031,0.000401,94.470360,-0.000036,-0.000056
616.5,-0.000018,0.000411,94.436455,0.000081,0.000063
616.0,-0.000101,0.000404,94.413551,0.000025,0.000005
615.5,-0.000092,0.000345,94.391052,-0.000113,-0.000002
615.0,0.000027,0.000399,94.367134,0.000004,0.000002
614.5,-0.000003,0.000457,94.350639,0.000061,0.000057
614.0,0.000070,0.000481,94.321136,0.000109,0.000006
613.5,-0.000018,0.000480,94.293030,-0.000038,-0.000027
613.0,-0.000049,0.000453,94.271454,-0.000107,-0.000011
612.5,-0.000083,0.000532,94.241592,-0.000060,-0.000107
612.0,-0.000003,0.000622,94.225952,0.000093,0.000000
611.5,0.000017,0.000498,94.213280,-0.000027,-0.000083
611.0,0.000029,0.000503,94.198593,0.000030,-0.000034
610.5,-0.000035,0.000474,94.188026,-0.000072,-0.000051
610.0,0.000010,0.000550,94.183174,0.000008,0.000054
609.5,-0.000066,0.000517,94.187622,-0.000014,-0.000099
609.0,0.000003,0.000607,94.188728,-0.000046,-0.000079
608.5,0.000093,0.000575,94.181366,-0.000058,-0.000043
608.0,-0.000081,0.000623,94.178329,-0.000048,-0.000004
607.5,-0.000030,0.000622,94.161812,-0.000013,-0.000106
607.0,-0.000016,0.000689,94.147888,-0.000070,-0.000110
606.5,-0.000143,0.000633,94.134460,0.000004,0.000079
606.0,-0.000019,0.000725,94.129044,0.000015,0.000063
605.5,0.000023,0.000706,94.102844,-0.000078,-0.000065
605.0,-0.000091,0.000770,94.096024,-0.000078,0.000092
604.5,-0.000064,0.000840,94.074783,-0.000036,0.000061
604.0,-0.000083,0.000822,94.057823,-0.000012,-0.000056
603.5,-0.000080,0.000842,94.038490,0.000021,0.000013
603.0,-0.000111,0.000862,94.016296,-0.000061,0.000053
602.5,-0.000130,0.000866,93.983116,0.000045,0.000014
602.0,-0.000051,0.001034,93.943390,0.000076,-0.000028
601.5,-0.000013,0.001047,93.906258,-0.000017,-0.000024
601.0,-0.000046,0.001032,93.841095,0.000026,-0.000073
600.5,0.000012,0.001145,93.809174,0.000032,-0.000098
600.0,0.000012,0.001135,93.766090,-0.000043,0.000012
599.5,-0.000040,0.001129,93.712387,-0.000019,0.000056
599.0,-0.000055,0.001195,93.628120,0.000102,-0.000117
598.5,0.000098,0.001343,93.584816,-0.000033,0.000023
598.0,0.000060,0.001346,93.519661,-0.000003,0.000088
597.5,-0.000037,0.001384,93.445801,-0.000077,-0.000109
597.0,-0.000040,0.001451,93.375786,0.000053,0.000053
596.5,0.000064,0.001553,93.294456,-0.000053,-0.000030
596.0,-0.000040,0.001515,93.210747,-0.000104,-0.000029
595.5,0.000026,0.001612,93.126022,-0.000129,-0.000036
595.0,-0.000025,0.001701,93.023643,-0.000048,-0.000016
594.5,-0.000073,0.001795,92.930573,-0.000180,-0.000090
594.0,-0.000029,0.001835,92.842293,-0.000006,-0.000150
593.5,-0.000133,0.001940,92.750153,-0.000102,0.000007
593.0,0.000025,0.002112,92.652313,0.000012,-0.000032
592.5,-0.000065,0.002140,92.535889,-0.000152,-0.000064
592.0,-0.000083,0.002297,92.428604,0.000010,-0.000007
591.5,0.000052,0.002528,92.310646,0.000011,-0.000086
591.0,-0.000128,0.002531,92.189407,-0.000079,-0.000047
590.5,-0.000101,0.002538,92.075371,-0.000041,-0.000018
590.0,-0.000020,0.002800,91.963020,0.000057,-0.000035
589.5,-0.000094,0.002991,91.840103,-0.000056,-0.000007
589.0,0.000004,0.003287,91.728378,-0.000101,-0.000011
588.5,-0.000067,0.003372,91.604584,0.000007,0.000014
588.0,-0.000118,0.003570,91.484795,0.000064,0.000023
587.5,0.000033,0.003666,91.359596,0.000022,-0.000069
587.0,-0.000188,0.003972,91.225090,-0.000069,-0.000048
586.5,0.000049,0.004265,91.090096,0.000055,-0.000031
586.0,-0.000038,0.004558,90.944954,-0.000059,0.000095
585.5,-0.000006,0.004721,90.798515,0.000014,0.000040
585.0,-0.000047,0.005175,90.651787,0.000010,-0.000069
584.5,-0.000061,0.005398,90.501595,-0.000134,0.000011
584.0,-0.000035,0.005667,90.356926,-0.000079,-0.000138
583.5,0.000063,0.006257,90.169212,-0.000058,0.000063
583.0,-0.000102,0.006626,90.023384,0.000073,0.000038
582.5,0.000105,0.007103,89.852875,0.000065,0.000103
582.0,-0.000045,0.007598,89.669212,0.000014,-0.000083
581.5,-0.000132,0.008099,89.484581,-0.000212,-0.000099
581.0,-0.000001,0.008679,89.268669,-0.000111,-0.000125
580.5,-0.000011,0.009503,89.044212,-0.000082,0.000054
580.0,-0.000007,0.010171,88.807037,-0.000078,-0.000088
579.5,0.000045,0.010959,88.550911,0.000075,-0.000062
579.0,-0.000042,0.011872,88.290360,-0.000151,0.000012
578.5,0.000068,0.012802,88.017120,0.000004,-0.000024
578.0,-0.000116,0.013796,87.713394,-0.000095,-0.000093
577.5,-0.000070,0.014917,87.400162,-0.000039,-0.000152
577.0,-0.000001,0.016151,87.060440,0.000028,0.000024
576.5,0.000042,0.017598,86.697014,0.000072,0.000032
576.0,0.000013,0.019089,86.319008,0.000134,0.000054
575.5,-0.000035,0.020902,85.911613,0.000005,0.000100
575.0,-0.000073,0.022619,85.478035,-0.000047,0.000058
574.5,-0.000092,0.024808,85.010460,0.000002,0.000082
574.0,-0.000045,0.027022,84.525162,0.000038,0.000000
573.5,-0.000070,0.029628,84.008026,0.000003,-0.000063
573.0,-0.000054,0.032435,83.456718,0.000056,0.000028
572.5,-0.000051,0.035596,82.879028,-0.000010,-0.000125
572.0,-0.000055,0.039273,82.269348,0.000042,-0.000051
571.5,0.000094,0.043205,81.627312,-0.000034,-0.000047
571.0,-0.000129,0.047648,80.952789,0.000005,-0.000051
570.5,-0.000048,0.052664,80.259598,0.000044,-0.000010
570.0,-0.000015,0.058391,79.517281,-0.000076,0.000028
569.5,-0.000076,0.064378,78.765732,-0.000033,-0.000058
569.0,-0.000003,0.071936,77.952538,0.000053,-0.000046
568.5,-0.000027,0.079963,77.116501,-0.000008,-0.000067
568.0,-0.000061,0.089443,76.234406,0.000003,-0.000108
567.5,-0.000044,0.099732,75.326477,-0.000006,-0.000012
567.0,0.000025,0.112002,74.360344,-0.000005,-0.000007
566.5,0.000042,0.125942,73.356339,0.000063,0.000005
566.0,-0.000036,0.141978,72.837936,0.000029,0.000040
565.5,-0.000106,0.159625,72.319534,0.000059,0.000001
565.0,0.000040,0.180487,71.257469,-0.000010,-0.000038
564.5,-0.000005,0.204494,70.167061,0.000001,-0.000073
564.0,0.000021,0.232293,69.022125,-0.000008,0.000011
563.5,0.000042,0.264431,67.864418,-0.000042,-0.000001
563.0,0.000019,0.302172,66.627022,0.000001,0.000091
562.5,-0.000051,0.345855,65.355270,-0.000051,0.000068
562.0,-0.000060,0.396528,64.073601,0.000029,-0.000042
561.5,-0.000051,0.456449,62.712009,-0.000100,-0.000087
561.0,-0.000038,0.527322,61.300343,-0.000040,0.000031
560.5,0.000012,0.610194,59.870602,0.000057,-0.000063
560.0,-0.000013,0.710582,58.365017,0.000089,-0.000166
559.5,-0.000021,0.829618,56.828445,0.000020,-0.000029
559.0,-0.000014,0.967926,55.262272,0.000036,-0.000053
558.5,0.000071,1.137619,53.650074,-0.000006,-0.000107
558.0,0.000082,1.341486,51.981628,0.000049,-0.000059
557.5,0.000022,1.587272,50.285538,-0.000015,-0.000073
557.0,-0.000054,1.888543,48.555882,-0.000042,0.000021
556.5,0.000011,2.256524,46.748505,0.000097,0.000038
556.0,-0.000041,2.703093,44.910202,0.000033,-0.000039
555.5,-0.000030,3.249807,43.087883,0.000081,-0.000045
555.0,0.000101,3.928267,41.186951,-0.000060,-0.000010
554.5,-0.000007,4.763935,39.268082,-0.000012,0.000028
554.0,0.000012,5.790725,37.359871,-0.000013,0.000004
553.5,-0.000018,7.097889,35.414425,0.000004,0.000029
553.0,0.000015,8.701722,33.457813,-0.000005,0.000062
552.5,0.000059,10.654317,31.506044,0.000067,0.000097
552.0,-0.000019,13.102132,29.573771,-0.000079,-0.000041
551.5,-0.000027,16.113262,27.657282,-0.000006,-0.000010
551.0,-0.000039,19.712044,25.747534,-0.000023,0.000061
550.5,-0.000011,24.089209,23.883852,0.000012,-0.000021
550.0,0.000005,29.231203,22.023760,0.000033,0.000017
549.5,0.000073,35.031109,20.231024,-0.000001,0.000016
549.0,-0.000025,41.424534,18.523428,0.000051,0.000025
548.5,-0.000049,48.264675,16.837698,-0.000033,0.000001
548.0,-0.000032,55.294632,15.229464,0.000047,0.000030
547.5,0.000009,62.178905,13.724999,-0.000015,0.000005
547.0,0.000057,68.650940,12.268135,0.000092,0.000162
546.5,0.000033,74.260773,10.896548,-0.000087,0.000011
546.0,0.000097,78.854111,9.631128,-0.000028,0.000078
545.5,-0.000077,82.527039,8.456734,0.000093,-0.000052
545.0,0.000022,85.185173,7.365843,-0.000058,0.000033
544.5,-0.000029,86.975647,6.374110,-0.000153,-0.000020
544.0,-0.000021,88.097260,5.478160,0.000004,0.000040
543.5,-0.000015,88.711815,4.657092,-0.000012,0.000069
543.0,0.000054,88.974792,3.938063,0.000045,-0.000020
542.5,0.000005,89.042488,3.310417,-0.000065,0.000026
542.0,0.000009,88.997910,2.749206,0.000005,-0.000091
541.5,-0.000055,88.940125,2.265758,-0.000022,-0.000102
541.0,-0.000067,88.890404,1.854856,0.000038,-0.000035
540.5,-0.000047,88.871727,1.497760,0.000071,0.000012
540.0,0.000026,88.893417,1.198969,0.000089,0.000021
539.5,-0.000044,88.937782,0.953401,0.000018,-0.000072
539.0,-0.000019,89.010971,0.747717,0.000030,-0.000019
538.5,0.000014,89.091095,0.581519,-0.000054,0.000064
538.0,-0.000041,89.172951,0.446929,0.000065,0.000023
537.5,-0.000042,89.241867,0.339448,-0.000081,0.000067
537.0,-0.000009,89.310440,0.254581,-0.000011,0.000129
536.5,0.000066,89.359024,0.189686,0.000068,-0.000040
536.0,0.000080,89.371529,0.140104,0.000016,-0.000064
535.5,0.000012,89.371216,0.101484,0.000054,-0.000031
535.0,-0.000045,89.327492,0.073104,-0.000006,-0.000051
534.5,-0.000103,89.271812,0.052342,0.000008,0.000046
534.0,0.000002,89.169151,0.036895,0.000077,0.000011
533.5,0.000016,89.034729,0.025869,-0.000071,-0.000098
533.0,0.000011,88.855156,0.018138,-0.000136,0.000052
532.5,-0.000016,88.653816,0.012584,-0.000102,0.000063
532.0,0.000014,88.417282,0.008791,-0.000095,-0.000060
531.5,-0.000008,88.169991,0.006233,-0.000078,-0.000130
531.0,0.000115,87.923706,0.004462,0.000097,-0.000062
530.5,-0.000059,87.691444,0.003269,-0.000058,0.000008
530.0,-0.000063,87.482758,0.002646,0.000010,-0.000044
529.5,-0.000058,87.309082,0.002117,-0.000074,-0.000078
529.0,-0.000106,87.178329,0.001672,-0.000002,0.000034
528.5,0.000015,87.086914,0.001655,-0.000016,-0.000058
528.0,0.000028,87.035843,0.001347,-0.000046,-0.000053
527.5,-0.000001,86.993584,0.001349,-0.000041,0.000008
527.0,0.000014,86.979744,0.001253,-0.000043,-0.000054
526.5,-0.000015,86.988190,0.001281,-0.000008,-0.000021
526.0,0.000043,87.009422,0.001251,0.000068,0.000027
525.5,-0.000036,87.037972,0.001341,0.000024,-0.000086
525.0,-0.000133,87.095497,0.001302,0.000061,0.000040
524.5,0.000105,87.178047,0.001356,0.000035,0.000039
524.0,0.000028,87.311188,0.001334,0.000075,-0.000021
523.5,-0.000112,87.468079,0.001243,-0.000064,0.000036
523.0,-0.000002,87.668900,0.001309,0.000000,-0.000025
522.5,0.000008,87.896255,0.001264,-0.000065,-0.000086
522.0,0.000067,88.146767,0.001302,-0.000011,-0.000021
521.5,-0.000010,88.399902,0.001279,0.000070,0.000076
521.0,0.000052,88.660034,0.001290,-0.000030,0.000061
520.5,0.000047,88.904320,0.001353,0.000035,0.000029
520.0,0.000075,89.143822,0.001295,0.000073,0.000002
519.5,0.000071,89.405525,0.001366,0.000133,-0.000001
519.0,0.000094,89.615990,0.001258,-0.000070,-0.000039
518.5,-0.000037,89.855873,0.001399,0.000005,-0.000049
518.0,0.000107,90.118637,0.001247,0.000088,0.000082
517.5,0.000045,90.385941,0.001275,-0.000019,-0.000020
517.0,0.000059,90.662865,0.001280,0.000005,-0.000029
516.5,0.000012,90.956573,0.001458,-0.000054,-0.000078
516.0,-0.000007,91.237717,0.001458,0.000023,0.000083
515.5,0.000015,91.506805,0.001348,-0.000019,-0.000113
515.0,-0.000090,91.764557,0.001305,0.000043,-0.000049
514.5,-0.000076,91.997795,0.001486,0.000068,-0.000061
514.0,0.000124,92.206604,0.001474,0.000082,0.000044
513.5,-0.000047,92.399826,0.001392,-0.000083,-0.000063
513.0,-0.000045,92.587868,0.001332,-0.000062,0.000007
512.5,-0.000047,92.761848,0.001233,-0.000038,-0.000014
512.0,0.000005,92.921814,0.001380,0.000036,-0.000003
511.5,0.000014,93.059242,0.001320,0.000042,0.000035
511.0,0.000002,93.179558,0.001480,0.000061,0.000027
510.5,0.000022,93.297920,0.001419,-0.000003,-0.000037
510.0,0.000035,93.388191,0.001345,-0.000026,0.000041
509.5,-0.000023,93.449707,0.001386,0.000006,-0.000005
509.0,0.000031,93.502632,0.001402,0.000065,-0.000056
508.5,0.000095,93.524033,0.001369,-0.000041,-0.000083
508.0,0.000062,93.527130,0.001443,-0.000014,0.000023
507.5,-0.000014,93.491493,0.001496,-0.000076,0.000004
507.0,0.000102,93.438095,0.001555,0.000013,-0.000080
506.5,0.000057,93.361145,0.001502,0.000041,0.000018
506.0,0.000029,93.280144,0.001381,0.000007,-0.000056
505.5,0.000060,93.172134,0.001474,-0.000027,-0.000070
505.0,0.000063,93.078552,0.001506,-0.000054,0.000024
504.5,0.000094,92.991325,0.001485,-0.000072,0.000021
504.0,0.000038,92.915192,0.001500,-0.000067,-0.000006
503.5,0.000112,92.844261,0.001538,-0.000068,-0.000110
503.0,0.000074,92.775337,0.001487,-0.000086,-0.000133
502.5,0.000151,92.707985,0.001440,-0.000004,-0.000010
502.0,0.000045,92.639587,0.001544,-0.000180,0.000090
501.5,0.000048,92.569176,0.001483,-0.000011,0.000033
501.0,-0.000024,92.511093,0.001548,0.000013,-0.000050
500.5,0.000033,92.466667,0.001526,-0.000080,-0.000158
500.0,0.000067,92.445854,0.001513,0.000027,-0.000059
499.5,0.000011,92.452133,0.001607,0.000014,-0.000134
499.0,-0.000005,92.485863,0.001627,0.000091,-0.000026
498.5,0.000093,92.550369,0.001588,0.000044,0.000085
498.0,0.000060,92.622986,0.001520,0.000026,-0.000049
497.5,0.000009,92.710701,0.001596,-0.000016,-0.000007
497.0,0.000014,92.796921,0.001559,0.000043,-0.000051
496.5,0.000032,92.892380,0.001695,0.000017,-0.000029
496.0,0.000069,92.969696,0.001533,-0.000061,-0.000086
495.5,0.000121,93.059029,0.001532,0.000084,0.000050
495.0,0.000002,93.147705,0.001490,0.000063,-0.000010
494.5,0.000124,93.243881,0.001389,-0.000018,-0.000039
494.0,0.000066,93.324036,0.001507,0.000081,-0.000047
493.5,0.000020,93.400314,0.001420,-0.000002,-0.000085
493.0,-0.000017,93.461914,0.001383,-0.000086,-0.000058
492.5,0.000144,93.511253,0.001495,0.000062,0.000029
492.0,0.000149,93.533760,0.001483,0.000005,0.000066
491.5,0.000057,93.537064,0.001582,-0.000037,0.000035
491.0,-0.000003,93.519417,0.001525,-0.000010,0.000023
490.5,0.000008,93.486763,0.001425,0.000175,-0.000005
490.0,0.000133,93.407906,0.001531,-0.000075,-0.000008
489.5,0.000182,93.311134,0.001525,-0.000081,0.000033
489.0,-0.000026,93.182144,0.001395,-0.000032,-0.000073
488.5,0.000206,93.035416,0.001505,0.000022,-0.000088
488.0,0.000160,92.871941,0.001379,0.000003,-0.000014
487.5,0.000030,92.698021,0.001380,-0.000016,-0.000007
487.0,-0.000012,92.528679,0.001415,-0.000120,-0.000060
486.5,0.000027,92.355927,0.001314,-0.000060,-0.000040
486.0,0.000107,92.189293,0.001464,0.000094,-0.000057
485.5,0.000111,92.014946,0.001304,0.000146,0.000060
485.0,0.000032,91.828850,0.001437,0.000109,0.000003
484.5,0.000039,91.650169,0.001463,0.000062,-0.000043
484.0,-0.000045,91.458519,0.001421,-0.000134,-0.000085
483.5,-0.000089,91.275169,0.001444,0.000007,0.000002
483.0,0.000006,91.125641,0.001354,0.000028,-0.000014
482.5,-0.000039,91.003403,0.001380,0.000051,0.000055
482.0,0.000052,90.910614,0.001364,0.000051,0.000099
481.5,0.000031,90.832214,0.001381,0.000040,0.000029
481.0,-0.000018,90.775795,0.001388,0.000090,0.000034
480.5,0.000026,90.742317,0.001381,0.000005,-0.000005
480.0,-0.000063,90.705772,0.001391,0.000044,0.000021
479.5,-0.000007,90.686699,0.001369,0.000044,0.000012
479.0,0.000013,90.669350,0.001303,-0.000009,0.000012
478.5,0.000114,90.674339,0.001294,0.000038,0.000010
478.0,0.000014,90.701614,0.001522,0.000094,0.000005
477.5,0.000080,90.740273,0.001389,-0.000025,0.000034
477.0,0.000088,90.794006,0.001270,-0.000037,0.000000
476.5,0.000039,90.847183,0.001282,-0.000045,-0.000155
476.0,0.000118,90.897491,0.001380,-0.000013,0.000001
475.5,-0.000013,90.946571,0.001312,-0.000039,-0.000094
475.0,0.000007,90.990601,0.001275,0.000062,0.000078
474.5,-0.000002,91.038376,0.001398,-0.000029,0.000038
474.0,-0.000015,91.085175,0.001352,0.000014,0.000039
473.5,-0.000003,91.130836,0.001242,0.000072,0.000002
473.0,-0.000022,91.168098,0.001268,0.000017,-0.000050
472.5,-0.000020,91.189232,0.001267,0.000020,0.000021
472.0,-0.000006,91.203133,0.001315,0.000002,-0.000018
471.5,0.000000,91.203293,0.001276,0.000066,-0.000010
471.0,-0.000088,91.208771,0.001176,-0.000006,-0.000023
470.5,-0.000066,91.221848,0.001256,0.000055,0.000011
470.0,-0.000031,91.233101,0.001199,0.000013,-0.000021
469.5,-0.000008,91.245529,0.001188,0.000050,-0.000104
469.0,-0.000073,91.256317,0.001389,0.000032,0.000035
468.5,-0.000004,91.255318,0.001285,0.000106,0.000037
468.0,-0.000020,91.243011,0.001369,0.000066,0.000045
467.5,0.000033,91.231087,0.001392,0.000008,0.000006
467.0,0.000006,91.208588,0.001391,-0.000050,-0.000033
466.5,-0.000036,91.197983,0.001096,0.000068,0.000009
466.0,0.000068,91.201233,0.001341,0.000019,0.000032
465.5,-0.000082,91.205292,0.001192,0.000038,0.000034
465.0,-0.000055,91.212448,0.001311,-0.000118,-0.000007
464.5,-0.000190,91.223518,0.001274,0.000055,-0.000018
464.0,0.000030,91.200775,0.001321,0.000035,-0.000032
463.5,-0.000096,91.165581,0.001216,0.000124,-0.000062
463.0,0.000062,91.121521,0.001229,-0.000083,-0.000022
462.5,0.000053,91.067299,0.001223,-0.000062,-0.000022
462.0,-0.000007,91.016396,0.001212,0.000002,-0.000027
461.5,-0.000054,90.967995,0.001174,0.000012,-0.000017
461.0,-0.000014,90.906097,0.001183,0.000075,-0.000077
460.5,-0.000036,90.831566,0.001200,-0.000100,-0.000042
460.0,0.000037,90.734398,0.001171,-0.000037,-0.000027
459.5,0.000045,90.628159,0.001190,0.000016,0.000078
459.0,-0.000032,90.512344,0.001265,-0.000067,-0.000014
458.5,-0.000025,90.398247,0.001166,-0.000032,-0.000039
458.0,-0.000066,90.274422,0.001287,-0.000062,-0.000058
457.5,-0.000123,90.151123,0.001182,-0.000113,-0.000046
457.0,-0.000025,90.021317,0.001289,0.000056,-0.000028
456.5,-0.000105,89.901222,0.001282,0.000036,0.000029
456.0,-0.000038,89.787735,0.001162,0.000018,-0.000033
455.5,-0.000095,89.697716,0.001187,0.000071,0.000006
455.0,0.000003,89.618912,0.001126,-0.000005,-0.000008
454.5,-0.000083,89.558380,0.001133,-0.000034,-0.000053
454.0,-0.000085,89.504372,0.001122,-0.000025,-0.000113
453.5,-0.000036,89.475838,0.001255,-0.000006,0.000135
453.0,-0.000098,89.452377,0.001201,0.000014,0.000003
452.5,-0.000062,89.457413,0.001229,0.000075,0.000054
452.0,-0.000044,89.469070,0.001277,0.000057,-0.000057
451.5,0.000015,89.492783,0.001178,0.000060,0.000001
451.0,-0.000039,89.545059,0.001177,-0.000030,-0.000033
450.5,0.000008,89.609535,0.001099,-0.000001,-0.000013
450.0,-0.000003,89.684303,0.001219,0.000105,-0.000058
449.5,0.000021,89.743019,0.001275,-0.000006,0.000007
449.0,-0.000032,89.790749,0.001181,-0.000021,-0.000102
448.5,0.000020,89.826950,0.001167,0.000034,-0.000034
448.0,-0.000021,89.844559,0.001103,-0.000031,-0.000030
447.5,-0.000050,89.845345,0.001158,-0.000025,-0.000014
447.0,-0.000006,89.812782,0.001222,0.000016,0.000072
446.5,-0.000038,89.769806,0.001192,-0.000085,0.000009
446.0,0.000046,89.697334,0.001166,-0.000003,-0.000096
445.5,-0.000017,89.582306,0.001239,0.000046,-0.000108
445.0,0.000109,89.428345,0.001233,0.000040,-0.000010
444.5,-0.000139,89.260307,0.001232,-0.000092,-0.000133
444.0,-0.000011,89.049515,0.001154,-0.000010,0.000001
443.5,-0.000054,88.819649,0.001174,0.000038,-0.000001
443.0,-0.000104,88.575203,0.001225,-0.000045,-0.000083
442.5,0.000011,88.317436,0.001183,0.000042,0.000030
442.0,-0.000093,88.052002,0.001121,0.000024,-0.000017
441.5,-0.000084,87.795120,0.001258,0.000000,-0.000032
441.0,-0.000049,87.561737,0.001338,-0.000010,-0.000135
440.5,0.000024,87.335602,0.001275,0.000005,-0.000103
440.0,0.000006,87.131187,0.001236,0.000063,0.000102
439.5,-0.000065,86.955894,0.001229,-0.000090,0.000064
439.0,-0.000058,86.803085,0.001221,0.000090,0.000078
438.5,0.000061,86.681076,0.001286,0.000082,-0.000022
438.0,-0.000147,86.613098,0.001036,-0.000095,0.000042
437.5,-0.000161,86.580307,0.001169,0.000062,-0.000098
437.0,0.000021,86.592262,0.001180,-0.000010,0.000090
436.5,0.000059,86.630806,0.001169,0.000000,0.000023
436.0,-0.000015,86.701286,0.001225,0.000004,0.000061
435.5,-0.000036,86.775375,0.001131,0.000008,-0.000110
435.0,-0.000144,86.880653,0.001147,-0.000065,-0.000059
434.5,-0.000004,86.976044,0.001108,-0.000068,-0.000082
434.0,0.000088,87.080757,0.001189,-0.000059,0.000047
433.5,-0.000004,87.160072,0.001224,0.000070,0.000055
433.0,0.000029,87.219528,0.001198,0.000035,-0.000038
432.5,-0.000146,87.244888,0.001125,-0.000057,0.000025
432.0,-0.000025,87.247719,0.001239,-0.000150,-0.000199
431.5,-0.000025,87.199158,0.001248,-0.000023,-0.000074
431.0,0.000044,87.120560,0.001114,0.000046,-0.000030
430.5,0.000067,86.979408,0.001106,0.000115,-0.000154
430.0,-0.000004,86.772011,0.001200,-0.000010,-0.000047
429.5,-0.000111,86.521591,0.001264,0.000005,-0.000069
429.0,0.000007,86.237076,0.001096,-0.000004,-0.000006
428.5,-0.000039,85.932793,0.001249,-0.000036,0.000003
428.0,-0.000031,85.621246,0.001052,-0.000023,-0.000141
427.5,-0.000029,85.302010,0.001146,0.000019,0.000006
427.0,-0.000144,84.985199,0.001122,-0.000071,0.000018
426.5,0.000020,84.659332,0.001257,0.000120,-0.000083
426.0,-0.000096,84.341896,0.001076,0.000040,0.000084
425.5,-0.000062,84.044495,0.001209,0.000099,0.000008
425.0,-0.000031,83.821434,0.001170,0.000029,-0.000133
424.5,0.000004,83.651512,0.001039,0.000197,0.000035
424.0,0.000055,83.540901,0.001187,-0.000028,0.000000
423.5,0.000054,83.485748,0.001144,0.000126,-0.000025
423.0,-0.000088,83.462433,0.001005,-0.000079,-0.000061
422.5,-0.000003,83.473221,0.001216,0.000107,-0.000063
422.0,-0.000013,83.524300,0.001090,-0.000058,-0.000073
421.5,-0.000094,83.610153,0.001259,-0.000058,0.000022
421.0,-0.000038,83.728554,0.001238,-0.000061,0.000070
420.5,0.000095,83.862823,0.001226,0.000046,0.000016
420.0,-0.000032,83.981743,0.001229,0.000034,0.000109
419.5,0.000038,84.085899,0.001136,0.000002,0.000023
419.0,-0.000089,84.141479,0.001052,-0.000001,-0.000066
418.5,0.000011,84.135712,0.001199,-0.000154,-0.000063
418.0,-0.000057,84.064766,0.001188,0.000045,-0.000035
417.5,0.000062,83.928131,0.001283,-0.000053,-0.000014
417.0,0.000062,83.694283,0.001129,0.000073,0.000019
416.5,-0.000156,83.389923,0.001066,0.000032,-0.000171
416.0,0.000039,83.017075,0.001100,-0.000004,-0.000003
415.5,-0.000085,82.568642,0.001093,-0.000033,-0.000011
415.0,0.000042,82.039871,0.001109,0.000006,-0.000049
414.5,-0.000010,81.441261,0.001116,-0.000038,-0.000070
414.0,0.000158,80.789917,0.001041,-0.000056,-0.000110
413.5,0.000206,80.090004,0.001199,0.000043,-0.000068
413.0,0.000209,79.395782,0.001113,0.000162,0.000028
412.5,0.000276,78.698868,0.000993,0.000060,-0.000075
412.0,0.000454,78.021286,0.001103,0.000000,0.000072
411.5,0.000464,77.339058,0.001198,-0.000006,0.000033
411.0,0.000833,76.632256,0.001054,0.000056,0.000049
410.5,0.001082,75.954399,0.001125,0.000027,0.000029
410.0,0.001557,75.249092,0.001233,0.000047,0.000174
409.5,0.002177,74.541809,0.001038,0.000033,0.000064
409.0,0.002855,73.831245,0.001069,-0.000021,-0.000066
408.5,0.004095,73.062988,0.001164,-0.000099,-0.000055
408.0,0.005478,72.219292,0.001143,0.000078,0.000029
407.5,0.007533,71.247902,0.001157,-0.000012,0.000010
407.0,0.010101,70.133469,0.001340,0.000010,0.000012
406.5,0.013683,68.839401,0.001074,0.000022,-0.000026
406.0,0.018422,67.318604,0.001087,-0.000031,0.000060
405.5,0.024673,65.585831,0.001117,0.000009,-0.000115
405.0,0.033162,63.534580,0.001186,0.000057,0.000055
404.5,0.043972,61.224728,0.001127,-0.000066,-0.000053
404.0,0.057618,58.667130,0.001003,-0.000059,-0.000063
403.5,0.075892,55.765789,0.000963,-0.000019,0.000094
403.0,0.099327,52.567364,0.001283,-0.000027,0.000027
402.5,0.128827,49.164970,0.001075,0.000092,-0.000041
402.0,0.166830,45.501461,0.001015,0.000036,-0.000099
401.5,0.214435,41.659634,0.001084,0.000219,0.000038
401.0,0.274154,37.773449,0.001024,0.000037,-0.000020
400.5,0.347899,33.801788,0.001103,0.000055,-0.000031
400.0,0.438384,29.889503,0.000999,-0.000021,-0.000070
399.5,0.549499,26.021545,0.001005,-0.000105,-0.000011
399.0,0.684159,22.314539,0.001092,0.000211,0.000070
398.5,0.847814,18.817801,0.001118,0.000064,-0.000018
398.0,1.040674,15.607424,0.001122,0.000111,0.000091
397.5,1.264433,12.770216,0.001106,0.000188,0.000029
397.0,1.535813,10.192255,0.001184,0.000017,-0.000111
396.5,1.846935,7.992394,0.001064,0.000047,-0.000073
396.0,2.201769,6.154408,0.001112,0.000102,0.000128
395.5,2.615930,4.608033,0.001112,0.000009,0.000122
395.0,3.087444,3.376260,0.001155,0.000107,0.000009
394.5,3.610314,2.432844,0.001064,-0.000091,0.000031
394.0,4.210179,1.700958,0.001183,-0.000072,0.000009
393.5,4.878163,1.164164,0.001059,-0.000015,0.000028
393.0,5.625010,0.776530,0.001103,0.000037,0.000007
392.5,6.453621,0.505366,0.001059,-0.000023,-0.000004
392.0,7.367754,0.322674,0.001098,0.000071,0.000081
391.5,8.372893,0.201016,0.001087,-0.000015,0.000038
391.0,9.453572,0.124603,0.001171,0.000011,-0.000058
390.5,10.645391,0.076304,0.001081,-0.000090,-0.000115
390.0,11.919027,0.047299,0.001059,0.000101,-0.000065
389.5,13.261172,0.030153,0.001081,0.000009,0.000012
389.0,14.716199,0.020089,0.001178,0.000117,0.000024
388.5,16.234388,0.014394,0.001050,0.000057,0.000010
388.0,17.762930,0.011312,0.000989,0.000047,0.000054
387.5,19.362429,0.009630,0.001098,-0.000051,-0.000025
387.0,20.982132,0.008594,0.001065,0.000068,0.000091
386.5,22.601444,0.008275,0.000990,-0.000038,-0.000083
386.0,24.198008,0.008062,0.001068,-0.000032,-0.000019
385.5,25.770437,0.007857,0.001115,0.000045,0.000083
385.0,27.282259,0.007855,0.001090,0.000112,0.000018
384.5,28.733276,0.007826,0.001068,-0.000016,0.000011
384.0,30.146679,0.007837,0.000934,0.000162,0.000081
383.5,31.492260,0.007853,0.001067,0.000040,0.000131
383.0,32.775715,0.007847,0.001101,0.000087,-0.000123
382.5,34.056152,0.007699,0.001031,0.000026,0.000021
382.0,35.313652,0.007793,0.000953,-0.000040,-0.000016
381.5,36.526848,0.007788,0.001139,0.000040,0.000143
381.0,37.804417,0.007671,0.000971,0.000032,0.000029
380.5,39.103596,0.007802,0.001105,-0.000046,0.000088
380.0,40.434601,0.007836,0.001033,0.000145,-0.000014
379.5,41.878021,0.007901,0.001007,0.000089,-0.000043
379.0,43.374294,0.007809,0.000969,0.000074,0.000027
378.5,44.967724,0.007818,0.001012,-0.000025,-0.000021
378.0,46.647415,0.007758,0.001087,-0.000002,-0.000045
377.5,48.403782,0.007744,0.001062,-0.000006,-0.000115
377.0,50.252377,0.007772,0.000995,-0.000003,-0.000056
376.5,52.145195,0.007684,0.001050,0.000007,-0.000089
376.0,54.096867,0.007859,0.001063,-0.000016,0.000091
375.5,56.044735,0.007756,0.001035,0.000048,0.000033
375.0,57.932941,0.007644,0.000966,-0.000001,0.000032
374.5,59.825390,0.007825,0.001013,0.000130,-0.000039
374.0,61.627037,0.007654,0.001011,0.000066,-0.000079
373.5,63.266735,0.007558,0.001059,-0.000068,0.000007
373.0,64.815338,0.007762,0.001001,0.000120,-0.000080
372.5,66.206535,0.007818,0.000936,0.000116,0.000014
372.0,67.426689,0.007745,0.000972,0.000015,0.000028
371.5,68.499466,0.007788,0.001028,0.000043,0.000040
371.0,69.437035,0.007605,0.000913,0.000081,0.000063
370.5,70.258781,0.007814,0.001039,0.000106,-0.000025
370.0,70.969162,0.007647,0.000939,0.000126,0.000029
369.5,71.630882,0.007774,0.000984,0.000002,0.000030
369.0,72.221939,0.007804,0.001009,0.000044,0.000026
368.5,72.781471,0.007745,0.000986,0.000098,-0.000038
368.0,73.356201,0.007753,0.001040,-0.000001,0.000118
367.5,73.903725,0.007804,0.000885,0.000088,0.000067
367.0,74.441788,0.007754,0.001241,-0.000081,0.000071
366.5,75.002563,0.007656,0.001077,0.000027,-0.000087
366.0,75.547615,0.007768,0.000922,-0.000064,0.000056
365.5,76.065811,0.007693,0.000935,0.000102,-0.000026
365.0,76.551544,0.007828,0.001007,-0.000021,0.000065
364.5,77.013161,0.007605,0.000992,0.000073,-0.000008
364.0,77.398994,0.007541,0.000997,0.000054,0.000014
363.5,77.781990,0.007735,0.000983,-0.000043,-0.000068
363.0,78.091690,0.007719,0.000952,0.000012,0.000068
362.5,78.367271,0.007646,0.001089,0.000017,-0.000013
362.0,78.585770,0.007890,0.001013,0.000053,-0.000056
361.5,78.768463,0.007541,0.000950,-0.000142,0.000000
361.0,78.927170,0.007829,0.000908,0.000098,-0.000027
360.5,79.063263,0.007669,0.001003,0.000030,0.000039
360.0,79.194374,0.007666,0.001020,0.000012,-0.000068
359.5,79.311584,0.007699,0.000986,0.000101,0.000050
359.0,79.431793,0.007624,0.001071,-0.000097,-0.000107
358.5,79.563278,0.007672,0.000951,-0.000065,-0.000038
358.0,79.687767,0.007646,0.000949,0.000047,-0.000105
357.5,79.801773,0.007704,0.000885,-0.000028,-0.000067
357.0,79.916733,0.007675,0.000994,-0.000113,-0.000110
356.5,80.004227,0.007660,0.001087,0.000010,0.000006
356.0,80.066666,0.007789,0.000893,0.000090,-0.000025
355.5,80.122314,0.007715,0.000806,0.000077,0.000041
355.0,80.096832,0.007755,0.000968,0.000069,0.000061
354.5,80.097153,0.007588,0.001058,-0.000021,-0.000077
354.0,80.053223,0.007788,0.001075,0.000043,-0.000018
353.5,79.976738,0.007900,0.001118,0.000121,0.000040
353.0,79.861389,0.007766,0.001052,0.000027,0.000015
352.5,79.745171,0.007689,0.000961,-0.000139,-0.000076
352.0,79.615471,0.007745,0.001105,0.000049,0.000035
351.5,79.469353,0.007765,0.001051,0.000097,0.000084
351.0,79.325882,0.007729,0.001023,0.000070,0.000024
350.5,79.171707,0.007746,0.000962,0.000046,-0.000001
350.0,79.024208,0.007632,0.001094,-0.000084,-0.000121
349.5,78.895607,0.007191,0.001035,-0.000608,-0.000616
349.0,78.744751,0.007828,0.000105,-0.000010,0.000005
348.5,78.623924,0.007756,0.001107,0.000019,-0.000035
348.0,78.472923,0.007914,0.000908,0.000087,0.000143
347.5,78.358253,0.007880,0.000901,-0.000030,0.000079
347.0,78.232483,0.007964,0.001094,0.000017,0.000060
346.5,78.082481,0.007927,0.001023,0.000031,0.000077
346.0,77.974495,0.007773,0.001000,-0.000001,0.000052
345.5,77.835495,0.007941,0.000947,-0.000009,0.000028
345.0,77.694160,0.007925,0.001033,0.000013,0.000076
344.5,77.525040,0.007797,0.001045,0.000059,0.000015
344.0,77.369560,0.007943,0.000945,0.000080,0.000021
343.5,77.146309,0.007750,0.001045,0.000007,-0.000038
343.0,76.936127,0.007862,0.000976,0.000084,0.000010
342.5,76.678047,0.007888,0.000943,0.000027,0.000068
342.0,76.422707,0.007886,0.001052,-0.000005,-0.000004
341.5,76.138687,0.007840,0.000996,-0.000101,-0.000005
341.0,75.828156,0.007799,0.001082,-0.000024,-0.000042
340.5,75.546249,0.007813,0.000912,0.000042,0.000060
340.0,75.281685,0.007854,0.000987,0.000125,0.000055
339.5,75.029076,0.007847,0.000962,-0.000005,0.000047
339.0,74.776909,0.007864,0.001025,-0.000048,0.000044
338.5,74.585007,0.007595,0.001049,0.000056,0.000057
338.0,74.354378,0.007747,0.001091,0.000088,0.000025
337.5,74.140724,0.007882,0.000909,-0.000081,0.000045
337.0,73.903305,0.007805,0.000954,0.000114,0.000079
336.5,73.609665,0.007667,0.001042,0.000048,0.000015
336.0,73.234673,0.007686,0.001060,-0.000015,-0.000052
335.5,72.786621,0.007662,0.000947,0.000056,0.000017
335.0,72.287598,0.007615,0.001102,-0.000128,0.000061
334.5,71.717896,0.007564,0.001035,0.000165,0.000015
334.0,71.101746,0.007634,0.001102,-0.000064,0.000077
333.5,70.489891,0.007617,0.001091,-0.000058,-0.000074
333.0,69.893608,0.007778,0.001038,0.000120,0.000110
332.5,69.329620,0.007615,0.001007,0.000141,0.000070
332.0,68.839973,0.007460,0.001053,-0.000012,-0.000062
331.5,68.428703,0.007546,0.000957,-0.000003,-0.000021
331.0,68.047020,0.007523,0.000983,0.000092,0.000009
330.5,67.696556,0.007540,0.001151,0.000043,-0.000052
330.0,67.346581,0.007536,0.001083,0.000198,0.000020
329.5,66.913628,0.007705,0.001002,0.000044,0.000146
329.0,66.413216,0.007515,0.001066,0.000029,0.000054
328.5,65.799042,0.007429,0.000968,0.000022,0.000128
328.0,65.054306,0.007458,0.000974,0.000105,0.000026
327.5,64.233871,0.007544,0.000872,0.000155,-0.000042
327.0,63.366707,0.007564,0.001046,0.000053,0.000000
326.5,62.486668,0.007370,0.000939,0.000057,-0.000027
326.0,61.660912,0.007504,0.001034,0.000162,0.000174
325.5,60.917103,0.007403,0.001108,-0.000010,-0.000036
325.0,60.279041,0.007459,0.001048,0.000021,-0.000016
324.5,59.727352,0.007505,0.000998,0.000092,0.000081
324.0,59.253490,0.007498,0.001048,-0.000003,0.000015
323.5,58.760826,0.007368,0.001060,0.000026,-0.000018
323.0,58.194553,0.007366,0.001020,0.000025,0.000021
322.5,57.512642,0.007360,0.001206,-0.000044,0.000007
322.0,56.652252,0.007217,0.001018,-0.000029,-0.000021
321.5,55.600822,0.007396,0.000999,0.000193,0.000211
321.0,54.429085,0.007271,0.001008,0.000055,-0.000011
320.5,53.203453,0.007256,0.001133,0.000093,-0.000006
320.0,51.964451,0.007234,0.000998,-0.000017,-0.000023
319.5,50.819771,0.007080,0.000996,0.000132,-0.000040
319.0,49.830601,0.007189,0.000998,-0.000002,0.000036
318.5,48.997749,0.007141,0.001085,0.000026,-0.000103
318.0,48.317768,0.007281,0.001276,0.000032,-0.000021
317.5,47.718723,0.007182,0.001221,0.000176,0.000094
317.0,47.159443,0.007107,0.000446,0.000027,0.000008
316.5,46.525112,0.007054,0.001370,0.000166,0.000064
316.0,45.774582,0.006986,0.001031,0.000048,-0.000031
315.5,44.862328,0.007081,0.000989,0.000070,0.000031
315.0,43.822968,0.006927,0.001097,0.000079,0.000099
314.5,42.700348,0.007055,0.000994,0.000016,-0.000024
314.0,41.589680,0.006903,0.001048,0.000139,0.000066
313.5,40.490383,0.006904,0.000808,0.000080,0.000156
313.0,39.458050,0.006785,0.001236,-0.000008,0.000062
312.5,38.501759,0.006951,0.001414,0.000039,0.000087
312.0,37.528397,0.006832,0.001174,0.000084,0.000035
311.5,36.511486,0.006794,0.001152,0.000082,0.000136
311.0,35.451576,0.006952,0.001021,0.000039,0.000089
310.5,34.286453,0.006760,0.001090,0.000090,0.000021
310.0,33.068226,0.006613,0.000989,0.000022,0.000047
309.5,31.843836,0.006743,0.001121,-0.000044,0.000053
309.0,30.661751,0.006668,0.001156,0.000054,0.000032
308.5,29.564697,0.006673,0.001051,0.000033,0.000014
308.0,28.533598,0.006576,0.001121,-0.000013,0.000080
307.5,27.525103,0.006570,0.001137,0.000076,-0.000026
307.0,26.456394,0.006742,0.001159,0.000227,0.000115
306.5,25.276577,0.006442,0.001061,-0.000072,0.000053
306.0,23.998526,0.006442,0.001177,0.000102,0.000030
305.5,22.588175,0.006353,0.001099,0.000034,0.000043
305.0,21.211916,0.006352,0.001061,-0.000008,0.000038
304.5,19.936352,0.006249,0.000831,0.000078,-0.000043
304.0,18.771095,0.006227,0.001166,0.000042,0.000013
303.5,17.717253,0.006226,0.001027,0.000030,-0.000056
303.0,16.716412,0.006175,0.001020,0.000011,0.000036
302.5,15.660570,0.006185,0.000932,0.000107,0.000113
302.0,14.486125,0.006125,0.000958,0.000033,0.000024
301.5,13.231209,0.006083,0.000949,0.000036,0.000035
301.0,11.932409,0.006026,0.000966,0.000070,0.000128
300.5,10.691175,0.005986,0.000913,-0.000048,-0.000017
300.0,9.563953,0.006061,0.001020,0.000062,-0.000016
299.5,8.555870,,0.001039,,
299.0,7.601305,,,,
298.5,6.667401,,,,
298.0,5.717050,,,,
297.5,4.718566,,,,
297.0,3.772025,,,,
296.5,2.930398,,,,
296.0,2.193569,,,,
295.5,1.593074,,,,
295.0,1.121561,,,,
294.5,0.742465,,,,
294.0,0.457057,,,,
293.5,0.254784,,,,
293.0,0.126761,,,,
292.5,0.055539,,,,
292.0,0.021465,,,,
291.5,0.007490,,,,
291.0,0.002545,,,,
290.5,0.000926,,,,
290.0,0.000591,,,,
289.5,0.000476,,,,
289.0,0.000493,,,,
288.5,0.000421,,,,
288.0,0.000349,,,,
287.5,0.000316,,,,
287.0,0.000291,,,,
286.5,0.000365,,,,
286.0,0.000335,,,,
285.5,0.000331,,,,
285.0,0.000230,,,,
284.5,0.000295,,,,
284.0,0.000141,,,,
283.5,0.000313,,,,
283.0,0.000115,,,,
282.5,0.000196,,,,
282.0,0.000076,,,,
281.5,0.000076,,,,
281.0,0.000129,,,,
280.5,0.000276,,,,
280.0,0.000098,,,,
279.5,0.000106,,,,
279.0,0.000167,,,,
278.5,0.000076,,,,
278.0,0.000081,,,,
277.5,0.000145,,,,
277.0,0.000099,,,,
276.5,0.000053,,,,
276.0,0.000111,,,,
275.5,0.000063,,,,
275.0,0.000152,,,,
274.5,-0.000006,,,,
274.0,0.000041,,,,
273.5,0.000124,,,,
273.0,0.000109,,,,
272.5,0.000144,,,,
272.0,0.000094,,,,
271.5,-0.000032,,,,
271.0,0.000062,,,,
270.5,0.000027,,,,
270.0,0.000215,,,,
269.5,0.000028,,,,
269.0,-0.000052,,,,
268.5,-0.000011,,,,
268.0,0.000026,,,,
267.5,0.000056,,,,
267.0,-0.000013,,,,
266.5,0.000205,,,,
266.0,0.000079,,,,
265.5,-0.000071,,,,
265.0,0.000078,,,,
264.5,0.000185,,,,
264.0,-0.000021,,,,
263.5,0.000032,,,,
263.0,0.000009,,,,
262.5,0.000053,,,,
262.0,-0.000051,,,,
261.5,0.000079,,,,
261.0,0.000050,,,,
260.5,-0.000125,,,,
260.0,0.000074,,,,
259.5,0.000024,,,,
259.0,0.000053,,,,
258.5,0.000053,,,,
258.0,-0.000047,,,,
257.5,-0.000068,,,,
257.0,0.000073,,,,
256.5,-0.000048,,,,
256.0,0.000023,,,,
255.5,-0.000027,,,,
255.0,0.000037,,,,
254.5,0.000198,,,,
254.0,0.000008,,,,
253.5,0.000073,,,,
253.0,0.000035,,,,
252.5,0.000067,,,,
252.0,-0.000012,,,,
251.5,0.000039,,,,
251.0,0.000063,,,,
250.5,0.000084,,,,
250.0,0.000036,,,,
249.5,-0.000036,,,,
249.0,0.000044,,,,
248.5,0.000063,,,,
248.0,0.000034,,,,
247.5,0.000051,,,,
247.0,0.000116,,,,
246.5,0.000005,,,,
246.0,-0.000025,,,,
245.5,-0.000063,,,,
245.0,-0.000072,,,,
244.5,0.000060,,,,
244.0,0.000179,,,,
243.5,0.000007,,,,
243.0,0.000071,,,,
242.5,-0.000072,,,,
242.0,0.000043,,,,
241.5,0.000041,,,,
241.0,0.000017,,,,
240.5,0.000034,,,,
240.0,-0.000028,,,,
239.5,0.000022,,,,
239.0,-0.000016,,,,
238.5,0.000048,,,,
238.0,0.000054,,,,
237.5,0.000119,,,,
237.0,0.000041,,,,
236.5,0.000118,,,,
236.0,0.000059,,,,
235.5,0.000039,,,,
235.0,0.000076,,,,
234.5,0.000073,,,,
234.0,0.000043,,,,
233.5,0.000031,,,,
233.0,0.000018,,,,
232.5,0.000062,,,,
232.0,-0.000024,,,,
231.5,0.000023,,,,
231.0,0.000050,,,,
230.5,-0.000009,,,,
230.0,-0.000057,,,,
229.5,-0.000002,,,,
229.0,0.000073,,,,
228.5,-0.000057,,,,
228.0,-0.000006,,,,
227.5,0.000008,,,,
227.0,-0.000071,,,,
226.5,0.000016,,,,
226.0,0.000079,,,,
225.5,0.000120,,,,
225.0,0.000095,,,,
224.5,-0.000064,,,,
224.0,-0.000185,,,,
223.5,-0.000068,,,,
223.0,-0.000060,,,,
222.5,0.000415,,,,
222.0,-0.000001,,,,
221.5,-0.000120,,,,
221.0,-0.000068,,,,
220.5,0.000078,,,,
220.0,0.000090,,,,
219.5,-0.000038,,,,
219.0,0.000098,,,,
218.5,0.000111,,,,
218.0,-0.000013,,,,
217.5,0.000269,,,,
217.0,-0.000053,,,,
216.5,-0.000041,,,,
216.0,0.000098,,,,
215.5,0.000015,,,,
215.0,-0.000046,,,,
214.5,-0.000010,,,,
214.0,-0.000007,,,,
213.5,0.000015,,,,
213.0,-0.000093,,,,
212.5,0.000063,,,,
212.0,0.000010,,,,
211.5,-0.000044,,,,
211.0,0.000081,,,,
210.5,0.000082,,,,
210.0,-0.000054,,,,
209.5,0.000104,,,,
209.0,-0.000005,,,,
208.5,0.000194,,,,
208.0,0.000126,,,,
207.5,-0.000062,,,,
207.0,-0.000035,,,,
206.5,-0.000016,,,,
206.0,0.000126,,,,
205.5,-0.000074,,,,
205.0,0.000044,,,,
204.5,0.000108,,,,
204.0,-0.000062,,,,
203.5,0.000120,,,,
203.0,0.000061,,,,
202.5,-0.000049,,,,
202.0,-0.000009,,,,
201.5,0.000019,,,,
201.0,-0.000125,,,,
200.5,-0.000107,,,,
200.0,0.000080,,,,
</div>,,,,,
